genre,key,mode,time_signature,acousticness,danceability,energy,instrumentalness,liveness,loudness,valence,tempo
blues,0,1,4,0.00817,0.737,0.463,0.447,0.255,-7.828,0.324,123.881
blues,8,1,4,0.689,0.658,0.179,0,0.17,-10.866,0.191,128.128
blues,0,1,4,0.0438,0.634,0.849,0,0.363,-7.075,0.919,156.004
blues,7,1,4,0.181,0.596,0.605,0.000331,0.0863,-12.145,0.886,97.798
blues,2,1,4,0.0801,0.635,0.675,0,0.0831,-3.445,0.273,113.946
blues,5,1,3,0.546,0.273,0.347,0.0137,0.334,-8.631,0.328,87.411
blues,6,1,4,0.229,0.58,0.687,0,0.109,-5.4,0.187,76.014
blues,11,1,4,0.028,0.705,0.735,0.0783,0.112,-6.646,0.448,132.627
blues,9,0,4,0.0029,0.333,0.927,0.000211,0.297,-8.55,0.382,141.47
blues,8,1,4,0.234,0.445,0.706,0.000252,0.205,-9.803,0.768,80.823
blues,2,1,4,0.00417,0.356,0.872,0.00975,0.0997,-7.837,0.607,166.3
blues,6,1,3,0.461,0.427,0.465,5.52E-05,0.154,-6.595,0.458,112.137
blues,0,1,4,0.392,0.47,0.623,0.000453,0.0992,-5.655,0.298,77.861
blues,0,1,4,0.0738,0.249,0.834,9.48E-05,0.0924,-8.21,0.338,118.223
blues,8,1,4,0.00255,0.438,0.805,5.69E-05,0.0842,-6.237,0.564,113.253
blues,9,1,4,0.0607,0.699,0.502,0.0337,0.317,-12.526,0.676,105.266
blues,7,0,4,0.57,0.756,0.397,0.0115,0.0542,-10.701,0.507,101.985
blues,6,1,4,0.0366,0.422,0.752,0.000119,0.129,-8.682,0.403,120.471
blues,9,1,4,0.619,0.389,0.476,5.09E-05,0.255,-9.342,0.566,148.117
blues,0,1,4,0.00772,0.505,0.833,7.90E-05,0.069,-4.632,0.565,130.121
blues,1,1,4,0.462,0.349,0.692,0.00266,0.197,-11.691,0.952,179.396
blues,5,1,4,0.365,0.596,0.448,5.30E-06,0.206,-9.616,0.796,83.293
blues,1,1,4,0.577,0.404,0.903,0.297,0.287,-3.88,0.498,115.672
blues,2,1,4,0.221,0.787,0.472,0.000336,0.153,-12.824,0.824,120.059
blues,6,0,4,0.00121,0.504,0.705,4.12E-06,0.453,-6.179,0.567,108.965
blues,0,1,4,0.913,0.443,0.104,0,0.191,-17.042,0.394,76.497
blues,5,1,4,0.0632,0.73,0.868,0.0661,0.318,-7.325,0.923,148.217
blues,7,1,4,0.209,0.585,0.532,0.00797,0.227,-9.673,0.68,94.461
blues,7,1,4,0.649,0.572,0.214,0.129,0.125,-15.625,0.485,95.542
blues,7,1,4,0.0117,0.292,0.823,7.79E-05,0.155,-6.763,0.244,89.939
blues,1,0,4,0.0265,0.44,0.777,1.01E-06,0.151,-1.786,0.306,148.027
blues,9,0,3,0.000385,0.295,0.584,0.218,0.0996,-6.696,0.228,117.2
blues,5,1,4,0.000359,0.601,0.859,0.00124,0.0871,-5.263,0.446,125.145
blues,2,1,4,0.302,0.453,0.464,5.96E-05,0.152,-10.96,0.658,93.19
blues,2,1,4,0.00876,0.533,0.905,0.578,0.0698,-5.27,0.486,108.9
blues,4,1,4,0.0096,0.583,0.962,0.128,0.283,-3.037,0.506,123.977
blues,2,1,4,0.0151,0.606,0.679,0.000433,0.0962,-7.445,0.707,122.016
blues,9,1,4,0.698,0.554,0.74,6.90E-05,0.225,-7.706,0.804,133.363
blues,1,0,4,0.221,0.645,0.598,3.53E-06,0.0721,-13.18,0.913,105.929
blues,8,1,4,0.0274,0.427,0.626,0.00395,0.106,-11.821,0.743,126.877
blues,2,1,4,0.406,0.653,0.519,0.0209,0.101,-10.164,0.822,98.883
blues,2,1,4,0.684,0.769,0.367,1.62E-05,0.081,-11.226,0.535,103.621
blues,11,0,3,0.689,0.477,0.433,0.000195,0.151,-6.473,0.611,82.52
blues,4,0,4,0.324,0.73,0.68,3.79E-06,0.121,-4.886,0.452,109.576
blues,1,0,4,0.437,0.685,0.656,0,0.347,-6.013,0.392,128.003
blues,7,0,4,0.812,0.681,0.715,9.43E-06,0.0777,-10.609,0.957,152.132
blues,2,0,4,0.0162,0.573,0.539,1.16E-05,0.105,-6.091,0.39,75.012
blues,6,1,4,0.206,0.714,0.937,0,0.0731,-2.947,0.964,124.13
blues,10,1,4,0.741,0.534,0.803,6.07E-05,0.307,-9.129,0.969,167.983
blues,9,1,4,0.0975,0.58,0.624,0,0.0411,-8.346,0.639,139.72
blues,6,1,4,0.229,0.58,0.687,0,0.109,-5.4,0.187,76.014
blues,10,1,3,0.042,0.633,0.621,0.0172,0.186,-11.494,0.593,113.325
blues,7,1,4,0.326,0.543,0.529,0.00269,0.709,-9.717,0.746,85.126
blues,5,0,4,0.229,0.781,0.629,0.000536,0.0881,-6.152,0.693,111.975
blues,4,0,4,0.704,0.178,0.981,7.45E-05,0.854,-1.743,0.369,88.21
blues,4,0,4,0.00249,0.545,0.64,0.0304,0.196,-9.937,0.606,80.544
blues,2,1,4,0.115,0.52,0.759,0,0.109,-9.92,0.706,135.347
blues,1,1,4,0.432,0.705,0.743,0.0133,0.103,-6.631,0.374,118.552
blues,2,0,4,0.00257,0.447,0.788,1.68E-05,0.0744,-4.994,0.505,80.04
blues,9,1,4,0.021,0.424,0.632,0.0117,0.0545,-7.243,0.356,97.694
blues,2,0,4,0.0491,0.667,0.655,0.000894,0.0641,-9.339,0.657,134.212
blues,7,1,4,0.199,0.558,0.903,0.000151,0.0852,-4.019,0.572,100.029
blues,5,1,4,0.206,0.574,0.667,0.352,0.0852,-5.425,0.546,88.299
blues,7,1,4,0.687,0.533,0.459,0,0.0773,-5.499,0.386,97.213
blues,2,1,4,0.579,0.601,0.574,1.14E-05,0.216,-8.166,0.8,147.964
blues,0,1,4,0.0983,0.632,0.586,0.581,0.0535,-11.333,0.89,114.243
blues,9,0,4,0.106,0.532,0.728,0.0108,0.0849,-9.079,0.69,134.303
blues,0,1,4,0.191,0.553,0.576,0.00664,0.0365,-13.458,0.457,109.827
blues,5,1,4,0.0178,0.549,0.789,6.68E-05,0.059,-6.071,0.715,136.125
blues,9,1,4,0.8,0.695,0.336,0.00264,0.701,-12.999,0.422,79.109
blues,2,0,4,0.000443,0.485,0.892,0,0.1,-3.586,0.576,142.046
blues,0,1,4,0.123,0.553,0.89,0,0.139,-4.879,0.674,87.871
blues,2,1,4,0.25,0.505,0.476,0.00915,0.113,-12.897,0.542,99.31
blues,5,1,4,0.74,0.571,0.281,0,0.163,-10.56,0.294,142.263
blues,10,0,4,0.0311,0.654,0.726,6.35E-05,0.0618,-3.803,0.728,103.987
blues,9,1,4,0.373,0.63,0.551,5.75E-05,0.103,-9.28,0.518,143.868
blues,11,1,4,0.455,0.619,0.623,0,0.167,-6.33,0.309,76.037
blues,2,1,4,0.161,0.365,0.466,6.68E-06,0.106,-7.514,0.487,95.163
blues,2,1,4,0.385,0.683,0.594,8.61E-05,0.121,-8.289,0.734,115.099
blues,0,1,4,0.249,0.653,0.677,0,0.403,-12.244,0.888,114.37
blues,4,0,4,0.142,0.64,0.651,0.28,0.0341,-14.981,0.801,111.676
blues,9,1,4,0.0132,0.524,0.578,0.00921,0.108,-4.563,0.537,123.669
blues,2,1,4,0.0202,0.493,0.586,0.00106,0.102,-13.916,0.656,113.618
blues,4,1,4,0.435,0.461,0.936,9.13E-05,0.124,-6.866,0.804,172.404
blues,7,1,4,0.298,0.541,0.608,0,0.234,-13.083,0.938,171.992
blues,7,1,4,0.00596,0.412,0.676,0.112,0.209,-7.341,0.557,155.431
blues,6,1,4,0.181,0.515,0.534,0.00278,0.0547,-8.045,0.426,70.776
blues,4,1,4,0.724,0.754,0.449,0,0.162,-14.013,0.973,82.751
blues,7,0,4,0.864,0.399,0.326,0,0.191,-9.239,0.546,79.206
blues,9,1,3,0.926,0.382,0.33,0.000578,0.0744,-6.182,0.3,181.455
blues,2,1,4,0.0183,0.484,0.711,0.173,0.0941,-7.784,0.49,148.189
blues,9,1,4,0.00603,0.346,0.768,0.38,0.0244,-5.695,0.532,169.492
blues,2,1,4,0.16,0.364,0.928,1.58E-05,0.315,-4.015,0.677,175.878
blues,9,1,4,0.00463,0.457,0.613,0.000441,0.0711,-5.756,0.132,105.11
blues,0,1,4,0.678,0.831,0.683,0.00197,0.332,-7.403,0.948,92.31
blues,9,1,1,0.132,0.598,0.853,0.00298,0.132,-5.373,0.315,122.012
blues,6,1,4,0.081,0.49,0.753,2.74E-06,0.268,-5.41,0.325,156.241
blues,9,0,4,0.00378,0.609,0.674,0.000302,0.129,-6.506,0.743,127.541
blues,8,0,4,0.285,0.803,0.498,1.29E-06,0.161,-5.389,0.836,92.034
blues,0,1,4,0.0452,0.264,0.78,0.0222,0.376,-2.741,0.456,155.376
classical,3,1,4,0.985,0.0623,0.0757,0.867,0.128,-22.673,0.0399,65.366
classical,2,1,4,0.96,0.317,0.165,0.928,0.072,-15.964,0.264,145.023
classical,10,1,4,0.99,0.415,0.203,0.884,0.107,-14.827,0.161,85.33
classical,0,1,4,0.884,0.323,0.0445,0.794,0.125,-23.389,0.108,120.298
classical,8,1,3,0.994,0.366,0.0182,0.92,0.111,-24.439,0.165,59.892
classical,2,1,4,0.982,0.095,0.0445,0.88,0.106,-23.086,0.0481,74.48
classical,8,1,3,0.994,0.366,0.0182,0.92,0.111,-24.439,0.165,59.892
classical,0,1,4,0.995,0.601,0.0332,0.89,0.0636,-26.304,0.332,91.972
classical,5,1,3,0.977,0.172,0.105,0.871,0.0987,-20.553,0.103,176.597
classical,0,1,4,0.983,0.288,0.204,0.881,0.118,-18.486,0.687,123.781
classical,9,1,4,0.99,0.516,0.153,0.928,0.113,-20.78,0.476,136.742
classical,2,1,4,0.979,0.0889,0.0257,0.756,0.0891,-23.343,0.0404,83.192
classical,2,1,4,0.979,0.0889,0.0257,0.756,0.0891,-23.343,0.0404,83.192
classical,7,0,4,0.961,0.323,0.178,0.795,0.158,-18.942,0.252,105.069
classical,7,1,4,0.974,0.425,0.274,0.945,0.101,-13.4,0.393,138.197
classical,10,1,4,0.99,0.319,0.131,0.914,0.119,-18.436,0.389,166.399
classical,5,1,4,0.972,0.135,0.045,0.908,0.116,-28.039,0.117,74.597
classical,5,1,4,0.986,0.284,0.049,0.849,0.158,-25.827,0.183,127.409
classical,7,1,4,0.974,0.425,0.274,0.945,0.101,-13.4,0.393,138.197
classical,5,1,3,0.977,0.172,0.105,0.871,0.0987,-20.553,0.103,176.597
classical,2,1,4,0.995,0.462,0.0152,0.91,0.117,-28.779,0.197,117.152
classical,0,1,4,0.983,0.288,0.204,0.881,0.118,-18.486,0.687,123.781
classical,7,1,4,0.974,0.425,0.274,0.945,0.101,-13.4,0.393,138.197
classical,0,1,3,0.988,0.192,0.0976,0.929,0.116,-20.488,0.0938,178.088
classical,2,1,4,0.994,0.496,0.0642,0.94,0.0795,-18.44,0.125,131.599
classical,7,0,4,0.988,0.356,0.311,0.848,0.182,-14.225,0.259,116.517
classical,5,1,3,0.977,0.172,0.105,0.871,0.0987,-20.553,0.103,176.597
classical,3,1,4,0.967,0.0618,0.0291,0.926,0.102,-29.252,0.0411,64.018
classical,7,0,4,0.99,0.174,0.2,0.952,0.176,-14.482,0.0398,95.555
classical,2,1,4,0.96,0.317,0.165,0.928,0.072,-15.964,0.264,145.023
classical,7,0,4,0.99,0.174,0.2,0.952,0.176,-14.482,0.0398,95.555
classical,2,1,3,0.976,0.0834,0.0296,0.367,0.0705,-23.829,0.0638,71.517
classical,7,0,4,0.99,0.174,0.2,0.952,0.176,-14.482,0.0398,95.555
classical,2,1,3,0.976,0.0834,0.0296,0.367,0.0705,-23.829,0.0638,71.517
classical,7,1,4,0.974,0.425,0.274,0.945,0.101,-13.4,0.393,138.197
classical,8,1,3,0.994,0.366,0.0182,0.92,0.111,-24.439,0.165,59.892
classical,9,1,4,0.974,0.528,0.188,0.959,0.143,-16.671,0.868,126.705
classical,7,1,4,0.996,0.37,0.0834,0.905,0.0909,-27.061,0.394,113.717
classical,6,0,4,0.991,0.219,0.0128,0.931,0.0956,-30.068,0.0542,78.12
classical,10,1,3,0.99,0.0997,0.0272,0.944,0.125,-26.104,0.14,78.405
classical,2,1,4,0.966,0.396,0.126,0.889,0.0949,-17.697,0.192,73.426
classical,3,1,4,0.995,0.378,0.0172,0.864,0.0795,-32.928,0.302,79.137
classical,5,1,4,0.995,0.531,0.0636,0.945,0.0926,-21.87,0.301,72.949
classical,0,1,4,0.973,0.352,0.0832,0.681,0.0716,-17.551,0.239,124.749
classical,2,1,4,0.979,0.0889,0.0257,0.756,0.0891,-23.343,0.0404,83.192
classical,5,1,3,0.977,0.172,0.105,0.871,0.0987,-20.553,0.103,176.597
classical,0,1,4,0.973,0.352,0.0832,0.681,0.0716,-17.551,0.239,124.749
classical,0,1,4,0.973,0.352,0.0832,0.681,0.0716,-17.551,0.239,124.749
classical,10,1,4,0.977,0.393,0.237,0.906,0.0917,-20.161,0.323,99.004
classical,2,1,3,0.976,0.361,0.122,0.891,0.135,-25.11,0.105,130.453
classical,3,1,3,0.988,0.557,0.0574,0.879,0.12,-24.121,0.0377,81.069
classical,2,1,4,0.992,0.357,0.0819,0.941,0.074,-28.701,0.09,119.982
classical,8,1,3,0.995,0.329,0.0287,0.908,0.0995,-30.008,0.068,123.364
classical,0,1,4,0.99,0.234,0.144,0.886,0.0879,-22.847,0.14,75.036
classical,2,0,5,0.986,0.154,0.0664,0.909,0.0431,-25.132,0.0794,77.82
classical,1,0,4,0.993,0.243,0.07,0.681,0.111,-22.551,0.186,75.925
classical,2,0,4,0.994,0.399,0.105,0.95,0.0809,-26.116,0.283,118.63
classical,7,1,4,0.987,0.172,0.0779,0.178,0.101,-23.607,0.2,178.467
classical,0,1,4,0.993,0.423,0.0271,0.89,0.0785,-29.826,0.295,96.451
classical,2,1,4,0.98,0.178,0.206,0.86,0.146,-18.407,0.0954,71.485
classical,6,1,4,0.957,0.15,0.108,0.967,0.127,-20.4,0.115,137.051
classical,2,1,4,0.98,0.178,0.206,0.86,0.146,-18.407,0.0954,71.485
classical,2,1,4,0.98,0.178,0.206,0.86,0.146,-18.407,0.0954,71.485
classical,4,0,4,0.995,0.457,0.0205,0.93,0.0934,-27.596,0.189,94.535
classical,2,1,4,0.98,0.178,0.206,0.86,0.146,-18.407,0.0954,71.485
classical,1,0,3,0.771,0.0921,0.22,0.953,0.102,-14.782,0.184,75.617
classical,2,1,4,0.98,0.178,0.206,0.86,0.146,-18.407,0.0954,71.485
classical,7,1,4,0.993,0.279,0.169,0.919,0.111,-16.205,0.43,85.683
classical,1,0,3,0.771,0.0921,0.22,0.953,0.102,-14.782,0.184,75.617
classical,1,0,3,0.771,0.0921,0.22,0.953,0.102,-14.782,0.184,75.617
classical,7,1,4,0.993,0.279,0.169,0.919,0.111,-16.205,0.43,85.683
classical,6,1,4,0.957,0.15,0.108,0.967,0.127,-20.4,0.115,137.051
classical,5,1,4,0.658,0.222,0.2,0.699,0.109,-18.027,0.0899,69.94
classical,7,1,4,0.992,0.297,0.206,0.904,0.312,-23.655,0.715,109.01
classical,9,0,4,0.992,0.439,0.117,0.909,0.086,-21.774,0.465,140.341
classical,2,0,4,0.926,0.609,0.289,0.0305,0.245,-15.815,0.767,100.487
classical,7,1,3,0.992,0.419,0.0164,0.918,0.0962,-27.903,0.273,128.512
classical,2,0,4,0.994,0.367,0.062,0.889,0.0748,-27.388,0.159,108.446
classical,0,0,3,0.968,0.187,0.43,0.0734,0.0912,-11.588,0.244,127.819
classical,0,1,4,0.994,0.165,0.0278,0.91,0.0723,-36.958,0.246,130.249
classical,7,1,4,0.961,0.612,0.372,0.702,0.107,-14.594,0.804,97.573
classical,7,1,4,0.993,0.279,0.169,0.919,0.111,-16.205,0.43,85.683
classical,7,1,4,0.993,0.279,0.169,0.919,0.111,-16.205,0.43,85.683
classical,0,1,4,0.985,0.183,0.293,0.949,0.102,-18.546,0.303,120.496
classical,7,1,4,0.993,0.279,0.169,0.919,0.111,-16.205,0.43,85.683
classical,2,0,3,0.752,0.0665,0.181,0.909,0.179,-17.704,0.112,67.999
classical,7,1,4,0.993,0.279,0.169,0.919,0.111,-16.205,0.43,85.683
classical,5,1,3,0.919,0.147,0.0419,0.931,0.124,-24.89,0.152,88.35
classical,11,0,3,0.654,0.192,0.171,0.845,0.11,-19.682,0.0646,80.13
classical,7,1,4,0.968,0.194,0.101,0.952,0.126,-20.068,0.341,138.886
classical,8,1,3,0.995,0.334,0.00375,0.868,0.103,-36.363,0.142,172.006
classical,2,0,4,0.952,0.445,0.289,0.901,0.0898,-17.983,0.405,133.102
classical,8,1,1,0.993,0.38,0.0414,0.923,0.113,-22.443,0.152,104.31
classical,2,0,4,0.987,0.22,0.144,0.908,0.101,-21.316,0.219,69.818
classical,9,0,4,0.993,0.352,0.0949,0.912,0.106,-25.077,0.0519,131.865
classical,8,1,3,0.995,0.334,0.00375,0.868,0.103,-36.363,0.142,172.006
classical,0,0,4,0.98,0.319,0.315,0.916,0.129,-13.957,0.165,93.658
classical,9,0,4,0.982,0.211,0.19,0.903,0.112,-19.517,0.273,74.008
classical,8,1,3,0.995,0.334,0.00375,0.868,0.103,-36.363,0.142,172.006
classical,9,0,4,0.982,0.211,0.19,0.903,0.112,-19.517,0.273,74.008
country,10,1,4,0.153,0.654,0.63,0,0.111,-4.644,0.43,89.991
country,6,1,4,0.677,0.706,0.358,0,0.107,-8.331,0.478,75.991
country,11,1,4,0.676,0.552,0.402,0,0.0928,-7.431,0.382,103.313
country,6,1,4,0.0951,0.561,0.536,0,0.114,-6.227,0.378,150.014
country,6,1,4,0.369,0.614,0.68,1.84E-06,0.115,-4.58,0.707,149.959
country,11,0,4,0.279,0.612,0.57,0,0.0963,-6.642,0.335,77.004
country,2,1,4,0.225,0.554,0.755,0,0.301,-6.04,0.624,77.962
country,1,1,4,0.0138,0.54,0.863,0,0.0874,-4.483,0.64,77
country,0,1,4,0.0808,0.565,0.805,0,0.173,-4.457,0.869,76.04
country,7,1,4,0.657,0.631,0.591,0,0.11,-5.785,0.489,97.074
country,9,1,4,0.205,0.392,0.37,0.0096,0.0821,-10.888,0.512,48.718
country,5,1,4,0.447,0.732,0.458,0,0.136,-7.225,0.661,98.938
country,10,1,4,0.0153,0.464,0.813,0,0.254,-6.185,0.516,75.975
country,1,1,4,0.356,0.616,0.438,0,0.24,-5.968,0.386,135.929
country,9,1,4,0.263,0.677,0.556,0,0.105,-6.544,0.521,80.009
country,8,1,4,0.46,0.701,0.5,0,0.234,-8.82,0.409,97.028
country,9,1,4,0.749,0.655,0.56,0,0.115,-6.857,0.599,140.975
country,6,1,4,0.0533,0.878,0.619,0,0.113,-5.56,0.639,136.041
country,2,1,4,0.418,0.595,0.389,1.39E-06,0.116,-9.245,0.4,166.052
country,11,1,4,0.0292,0.533,0.907,0,0.386,-3.793,0.7,150.99
country,10,1,4,0.00898,0.612,0.799,0,0.172,-4.603,0.687,125.976
country,10,1,4,0.0608,0.538,0.752,5.39E-06,0.118,-5.106,0.217,139.984
country,0,1,4,0.016,0.576,0.724,0,0.107,-5.147,0.34,93.029
country,6,1,4,0.013,0.551,0.801,6.03E-06,0.265,-5.069,0.625,128.027
country,11,1,4,0.17,0.687,0.641,0,0.111,-5.814,0.663,120.04
country,5,0,4,0.22,0.717,0.598,0,0.122,-5.613,0.496,153.905
country,4,1,4,0.737,0.466,0.672,0,0.0858,-5.926,0.334,89.081
country,0,1,4,0.111,0.463,0.653,0.000136,0.172,-5.515,0.233,143.912
country,8,1,4,0.4,0.634,0.516,0,0.142,-6.05,0.769,153.831
country,11,1,4,0.0916,0.506,0.886,0,0.0734,-3.225,0.595,143.935
country,0,1,4,0.111,0.413,0.428,0,0.114,-7.414,0.391,79.985
country,6,1,4,0.645,0.566,0.713,0,0.114,-4.25,0.807,169.864
country,9,1,4,0.323,0.606,0.652,0,0.201,-6.982,0.476,97.155
country,2,1,4,0.0272,0.739,0.85,0,0.181,-3.966,0.883,113
country,8,0,4,0.0649,0.484,0.903,0,0.151,-3.9,0.716,169.948
country,9,1,4,0.455,0.537,0.66,0,0.135,-7.174,0.574,148.096
country,2,1,4,0.129,0.739,0.682,0,0.328,-3.728,0.634,131.983
country,3,1,4,0.0791,0.362,0.882,0,0.15,-3.717,0.864,199.811
country,1,1,4,0.602,0.593,0.81,0,0.119,-5.733,0.712,144.011
country,11,0,4,0.286,0.561,0.597,0,0.0979,-6,0.355,76.826
country,2,1,4,0.347,0.68,0.741,1.87E-06,0.117,-5.055,0.635,127.024
country,6,1,4,0.036,0.445,0.492,0,0.122,-5.717,0.24,148.013
country,9,1,4,0.0361,0.621,0.791,0,0.143,-3.343,0.734,95.075
country,9,1,4,0.0724,0.6,0.698,1.64E-06,0.113,-5.86,0.57,140.032
country,11,1,4,0.0312,0.489,0.581,0,0.132,-5.731,0.494,86.016
country,1,1,4,0.216,0.638,0.854,0,0.0357,-4.664,0.859,93.869
country,5,0,4,0.342,0.703,0.594,0,0.123,-6.146,0.475,153.848
country,9,1,4,0.0251,0.554,0.743,0,0.359,-6.016,0.673,72.997
country,7,1,3,0.143,0.375,0.574,0,0.11,-5.305,0.406,132.025
country,4,1,4,0.582,0.651,0.708,0,0.0796,-4.791,0.558,119.964
country,9,1,4,0.0669,0.847,0.678,0,0.274,-8.635,0.811,97.984
country,2,1,4,0.1,0.692,0.809,9.77E-05,0.185,-5.935,0.927,104.023
country,7,1,4,0.162,0.681,0.726,0,0.119,-5.1,0.819,84.98
country,6,0,4,0.00585,0.544,0.781,0,0.191,-6.16,0.527,144.075
country,2,1,4,0.115,0.545,0.884,0.000424,0.0496,-5.208,0.272,110.015
country,4,1,4,0.363,0.607,0.514,0,0.258,-6.631,0.414,75.978
country,9,1,4,0.0986,0.547,0.817,0,0.136,-4.255,0.592,142.118
country,9,1,4,0.478,0.462,0.512,0,0.0993,-5.443,0.29,114.014
country,10,1,4,0.401,0.671,0.617,0,0.119,-8.72,0.62,147.986
country,7,1,4,0.076,0.574,0.58,0,0.12,-6.091,0.4,149.97
country,2,1,4,0.0793,0.519,0.872,0,0.111,-3.212,0.74,179.965
country,6,1,4,0.355,0.396,0.51,0,0.113,-6.274,0.299,113.994
country,4,0,4,0.0135,0.433,0.928,2.01E-06,0.32,-5.117,0.552,155.938
country,6,1,4,0.396,0.504,0.838,0,0.195,-2.703,0.569,146.065
country,5,1,4,0.0636,0.593,0.805,0,0.226,-4.892,0.845,103.955
country,2,1,4,0.0963,0.63,0.754,0,0.268,-3.564,0.73,95.999
country,5,1,4,0.355,0.62,0.443,0,0.108,-7.984,0.339,141.976
country,11,1,4,0.00566,0.6,0.851,9.78E-06,0.0891,-4.645,0.727,98.007
country,7,1,4,0.0317,0.711,0.774,0,0.124,-4.068,0.939,111.016
country,9,1,4,0.0563,0.596,0.834,0,0.0866,-4.308,0.618,116
country,2,1,3,0.563,0.516,0.745,0,0.275,-8.352,0.825,186.004
country,6,1,4,0.593,0.725,0.437,0,0.0842,-9.602,0.759,83.985
country,2,1,3,0.235,0.461,0.437,7.10E-06,0.121,-8.285,0.194,128.132
country,7,1,4,0.0763,0.563,0.688,0,0.0863,-4.474,0.622,108.008
country,7,1,4,0.169,0.612,0.621,0,0.137,-5.657,0.883,185.857
country,4,1,4,0.609,0.744,0.505,0,0.247,-5.943,0.294,122.015
country,5,1,4,0.127,0.44,0.803,0,0.128,-6.162,0.633,79.312
country,6,0,4,0.271,0.519,0.749,0,0.119,-3.318,0.29,147.905
country,11,1,4,0.307,0.499,0.643,0,0.106,-5.416,0.469,93.805
country,2,1,4,0.0293,0.645,0.904,0,0.0834,-4.532,0.671,105.97
country,9,1,4,0.0814,0.65,0.637,0.000607,0.51,-6.195,0.575,140.115
country,9,1,4,0.0119,0.638,0.722,0.00808,0.189,-6.177,0.469,103.017
country,11,1,4,0.119,0.555,0.722,0,0.0861,-6.005,0.559,134.058
country,1,1,4,0.208,0.646,0.781,0,0.125,-4.616,0.565,94.975
country,10,1,4,0.386,0.607,0.536,0,0.102,-7.306,0.434,147.986
country,7,1,4,0.101,0.632,0.804,0,0.17,-6.109,0.35,92.456
country,10,1,4,0.0191,0.457,0.948,0,0.0536,-3.364,0.878,148
country,3,1,4,0.88,0.581,0.197,0,0.107,-7.697,0.349,130.367
country,9,1,4,0.106,0.553,0.747,0,0.154,-5.432,0.521,90.012
country,7,1,4,0.301,0.523,0.837,0,0.172,-4.494,0.523,82.006
country,8,1,4,0.113,0.747,0.861,0,0.026,-5.251,0.859,103.966
country,11,1,4,0.111,0.683,0.796,0,0.197,-4.179,0.531,90.031
country,4,1,4,0.23,0.689,0.689,0,0.57,-5.517,0.664,130.069
country,7,1,4,0.75,0.536,0.574,0.00277,0.105,-6.705,0.877,87.194
country,9,1,4,0.0183,0.455,0.897,0,0.174,-4.879,0.728,160.139
country,5,1,4,0.0805,0.669,0.559,0,0.0703,-5.003,0.491,95.001
country,4,1,4,0.75,0.629,0.464,0,0.0853,-8.72,0.523,156.051
country,9,1,4,0.107,0.426,0.829,0,0.317,-2.84,0.814,180.241
country,11,1,4,0.0292,0.474,0.594,0,0.133,-5.756,0.503,86.131
country,1,1,4,0.0578,0.907,0.53,2.23E-06,0.101,-6.112,0.507,135.998
disco,9,1,4,0.165,0.694,0.831,0.000892,0.25,-7.288,0.98,125.901
disco,0,1,4,0.0131,0.777,0.725,0.00805,0.246,-8.681,0.529,116.67
disco,10,0,4,0.0322,0.703,0.826,0.00629,0.179,-7.179,0.945,103.564
disco,11,0,4,0.121,0.869,0.648,2.17E-05,0.126,-8.698,0.9,125.035
disco,7,1,4,0.205,0.879,0.626,6.07E-05,0.056,-6.344,0.968,110.864
disco,0,0,4,0.227,0.692,0.711,0,0.12,-7.498,0.875,125.135
disco,10,0,4,0.112,0.589,0.384,2.80E-05,0.0596,-15.075,0.354,132.909
disco,5,0,4,0.105,0.633,0.357,0,0.133,-9.366,0.674,104.938
disco,10,1,4,0.299,0.63,0.711,0,0.0813,-9.34,0.659,96.912
disco,7,0,4,0.3,0.784,0.893,1.57E-05,0.272,-5.153,0.819,118.738
disco,2,1,4,0.0422,0.598,0.673,6.84E-05,0.289,-10.431,0.59,102.035
disco,11,1,4,0.0893,0.636,0.72,0.0178,0.0868,-6.195,0.425,124.944
disco,6,1,4,0.0278,0.75,0.785,0,0.0601,-10.926,0.752,126.361
disco,9,0,4,0.22,0.838,0.794,0,0.0575,-8.245,0.962,132.446
disco,9,1,4,0.0435,0.814,0.672,0,0.061,-12.068,0.933,109.394
disco,11,0,4,0.112,0.612,0.84,0,0.116,-3.145,0.438,129.042
disco,2,0,4,0.0843,0.802,0.756,0.00765,0.0521,-10.791,0.963,131.715
disco,1,1,4,0.122,0.739,0.576,0.00206,0.0482,-12.024,0.78,108.81
disco,0,1,4,0.186,0.744,0.568,1.18E-05,0.163,-9.629,0.687,122.657
disco,7,1,4,0.163,0.632,0.683,0.00013,0.847,-6.434,0.701,105.955
disco,9,1,4,0.0515,0.743,0.5,0,0.0373,-14.105,0.903,112.989
disco,11,0,4,0.256,0.537,0.82,1.93E-06,0.432,-7.011,0.881,94.434
disco,5,1,4,0.185,0.72,0.828,0.433,0.0839,-9.211,0.768,110.07
disco,1,0,4,0.0266,0.733,0.795,0.000948,0.083,-7.224,0.892,109.122
disco,9,1,4,0.289,0.639,0.893,0.00816,0.222,-6.509,0.966,126.143
disco,0,1,4,0.117,0.879,0.581,0,0.0435,-6.078,0.629,114.226
disco,11,1,4,0.114,0.706,0.727,7.70E-05,0.174,-8.714,0.965,119.55
disco,5,0,4,0.461,0.66,0.927,5.73E-05,0.699,-5.867,0.458,136.247
disco,0,1,4,0.245,0.667,0.599,0,0.107,-8.894,0.971,127.935
disco,2,0,4,0.705,0.831,0.794,3.40E-05,0.0978,-3.701,0.735,118.075
disco,1,1,4,0.189,0.799,0.878,0.000105,0.14,-7.109,0.816,104.284
disco,1,1,4,0.219,0.851,0.406,6.41E-06,0.0853,-11.631,0.792,97.84
disco,10,1,4,0.665,0.456,0.332,0.000248,0.138,-9.775,0.237,93.633
disco,6,1,4,0.00793,0.72,0.808,0.0293,0.0634,-5.627,0.869,126.041
disco,5,1,4,0.522,0.791,0.734,0.00165,0.167,-5.464,0.962,105.854
disco,5,1,4,0.76,0.595,0.643,0,0.538,-9.275,0.73,135.633
disco,7,1,4,0.0258,0.91,0.641,6.42E-05,0.0642,-11.316,0.903,118.533
disco,10,0,4,0.273,0.594,0.38,2.87E-05,0.1,-12.059,0.446,92.004
disco,5,1,4,0.011,0.712,0.549,0,0.118,-9.484,0.552,109.882
disco,2,1,4,0.0818,0.869,0.503,0.00837,0.187,-12.804,0.914,112.664
disco,1,1,4,0.219,0.851,0.406,6.41E-06,0.0853,-11.631,0.792,97.84
disco,6,0,4,0.0421,0.878,0.84,0.0035,0.053,-13.105,0.882,116.222
disco,10,1,4,0.225,0.668,0.73,0,0.188,-7.182,0.894,92.049
disco,2,1,4,0.188,0.734,0.42,0.242,0.0826,-12.036,0.462,94.161
disco,0,1,4,0.447,0.784,0.713,0.14,0.0904,-6.865,0.97,115.443
disco,1,1,4,0.0765,0.774,0.641,0,0.0867,-10.193,0.875,113.256
disco,8,0,4,0.00637,0.686,0.718,0.000703,0.119,-5.054,0.557,115.026
disco,10,1,4,0.239,0.851,0.669,0.0852,0.108,-9.562,0.911,126.624
disco,9,0,4,0.0943,0.836,0.626,0.742,0.153,-10.143,0.898,114.657
disco,1,1,4,0.146,0.885,0.664,0.0506,0.0767,-11.806,0.901,121.633
disco,0,1,4,0.0182,0.681,0.716,0.17,0.337,-10.911,0.963,123.009
disco,9,1,4,0.668,0.676,0.692,0.00915,0.13,-13.093,0.799,102.516
disco,6,0,4,0.0125,0.779,0.717,0.0536,0.355,-9.7,0.789,115.384
disco,0,1,4,0.188,0.688,0.727,0,0.0624,-4.85,0.964,126.814
disco,3,1,4,0.0192,0.862,0.624,0.000153,0.0465,-11.63,0.882,124.896
disco,9,1,4,0.00737,0.786,0.627,0.00186,0.181,-11.177,0.831,126.461
disco,5,1,4,0.115,0.808,0.85,0.000109,0.316,-8.772,0.717,106.855
disco,0,1,4,0.0149,0.681,0.83,0.00376,0.214,-6.088,0.817,103.777
disco,11,0,4,0.0769,0.707,0.759,2.84E-05,0.0775,-12.328,0.955,115.142
disco,1,0,4,0.0209,0.885,0.474,0,0.0895,-8.133,0.794,150.072
disco,5,0,4,0.191,0.68,0.877,0.000656,0.349,-10.241,0.922,108.674
disco,6,1,4,0.372,0.792,0.476,0.0157,0.027,-11.707,0.82,98.871
disco,9,1,4,0.446,0.675,0.733,1.80E-05,0.201,-4.5,0.83,175.011
disco,5,1,4,0.258,0.522,0.346,0,0.114,-15.462,0.27,131.692
disco,0,0,4,0.366,0.62,0.436,0.00118,0.114,-14.511,0.334,126.454
disco,0,1,4,0.531,0.612,0.444,0,0.126,-12.752,0.503,114.961
disco,11,0,4,0.119,0.705,0.709,1.69E-05,0.286,-12.649,0.853,110.523
disco,5,0,4,0.0288,0.699,0.883,0,0.817,-3.226,0.499,127.961
disco,0,1,4,0.506,0.744,0.545,0.0977,0.0649,-9.361,0.346,97.409
disco,9,0,4,0.112,0.826,0.9,0.00136,0.0875,-4.383,0.954,132.099
disco,9,0,4,0.414,0.487,0.246,0,0.0983,-14.104,0.0562,61.084
disco,11,1,4,0.0416,0.712,0.664,0.000104,0.0668,-8.026,0.781,122.014
disco,5,0,4,0.178,0.873,0.855,0.0282,0.0377,-8.559,0.884,107.868
disco,1,0,4,0.0976,0.921,0.48,0,0.0768,-9.2,0.317,120.043
disco,6,0,4,0.416,0.498,0.63,0,0.238,-5.808,0.822,169.115
disco,7,0,4,0.269,0.73,0.622,0.00874,0.111,-11.7,0.752,90.973
disco,10,1,4,0.0261,0.766,0.844,0.605,0.18,-3.851,0.835,129.323
disco,5,1,4,0.114,0.729,0.78,0.106,0.0759,-7.604,0.795,111.833
disco,4,0,4,0.0129,0.863,0.538,0.0188,0.0877,-13.924,0.877,118.931
disco,9,0,4,0.00293,0.668,0.678,0,0.265,-10.317,0.657,120.029
disco,6,1,4,0.532,0.424,0.443,0.000389,0.673,-13.45,0.391,131.675
disco,10,1,4,0.753,0.489,0.866,0,0.876,-7.433,0.416,138.63
disco,2,1,4,0.0996,0.586,0.377,3.15E-06,0.0859,-12.638,0.438,90.716
disco,5,0,4,0.0197,0.88,0.821,0.661,0.234,-2.545,0.575,127.907
disco,0,1,4,0.0761,0.808,0.485,0.00414,0.0477,-8.829,0.714,122.659
disco,11,0,4,0.417,0.538,0.969,0.00154,0.119,-5.626,0.928,138.652
disco,11,0,4,0.0225,0.748,0.84,5.41E-06,0.139,-4.537,0.68,123.974
disco,4,1,4,0.496,0.931,0.801,0.379,0.0563,-10.725,0.971,119.533
disco,1,1,4,0.00048,0.421,0.858,0.895,0.165,-9.907,0.585,138.018
disco,6,0,4,0.034,0.613,0.962,0,0.824,-5.07,0.496,113.015
disco,5,0,4,0.727,0.477,0.381,0,0.0615,-10.237,0.329,121.568
disco,8,1,4,0.355,0.636,0.405,0,0.0804,-11.113,0.257,128.068
disco,2,1,4,0.364,0.469,0.382,0.00025,0.36,-13.203,0.178,149.994
disco,9,1,4,0.729,0.423,0.384,4.11E-06,0.27,-12.503,0.521,90.43
disco,1,1,4,0.0466,0.843,0.656,0.0187,0.169,-11.184,0.931,121.112
disco,8,0,4,0.175,0.593,0.791,0,0.0976,-8.698,0.63,112.295
disco,4,0,4,0.291,0.666,0.714,0.0212,0.128,-9.448,0.69,89.018
disco,0,1,4,0.181,0.613,0.82,1.45E-06,0.049,-10.175,0.465,115.125
disco,9,1,4,0.415,0.863,0.726,0.0299,0.0735,-6.649,0.93,132.574
disco,2,1,4,0.288,0.782,0.622,0.53,0.58,-5.832,0.921,106.022
hiphop,2,0,4,0.0706,0.676,0.609,0,0.152,-5.831,0.508,142.037
hiphop,10,0,4,0.145,0.808,0.745,0,0.292,-5.26,0.829,165.995
hiphop,11,1,4,0.189,0.769,0.787,0,0.129,-3.909,0.836,126.77
hiphop,8,1,4,0.0794,0.816,0.582,5.84E-06,0.0916,-4.141,0.542,160.004
hiphop,1,0,4,0.113,0.768,0.652,0,0.107,-2.708,0.777,154.187
hiphop,6,0,4,0.558,0.656,0.614,0.000862,0.215,-4.973,0.35,128.038
hiphop,7,1,4,0.392,0.809,0.545,0,0.151,-6.678,0.244,97.008
hiphop,11,1,4,0.0177,0.882,0.602,0,0.178,-5.554,0.43,142.959
hiphop,2,0,4,0.0608,0.876,0.662,0,0.127,-6.482,0.844,75.445
hiphop,8,1,4,0.149,0.837,0.364,0,0.271,-11.713,0.463,123.984
hiphop,7,1,4,0.0849,0.787,0.713,0,0.717,-5.252,0.762,175.041
hiphop,10,0,4,0.101,0.831,0.502,0,0.122,-4.045,0.101,100.541
hiphop,9,1,4,0.23,0.554,0.498,5.98E-06,0.795,-8.866,0.413,79.635
hiphop,1,1,4,0.203,0.871,0.555,0,0.118,-5.968,0.248,129.973
hiphop,4,0,4,0.0174,0.823,0.552,0,0.122,-7.57,0.418,124.038
hiphop,1,1,4,0.177,0.877,0.565,0,0.123,-6.281,0.182,130.009
hiphop,11,0,4,0.0211,0.919,0.597,0,0.262,-6.656,0.792,145.049
hiphop,1,1,4,0.177,0.83,0.564,0,0.128,-7.822,0.107,85.042
hiphop,4,0,4,0.259,0.889,0.496,0,0.252,-6.365,0.544,86.003
hiphop,0,0,4,0.469,0.872,0.391,4.13E-06,0.297,-9.144,0.437,134.021
hiphop,8,1,4,0.0409,0.911,0.637,3.68E-05,0.238,-8.381,0.66,149.996
hiphop,8,1,4,0.258,0.74,0.613,0.00372,0.123,-4.88,0.473,75.023
hiphop,7,1,4,0.63,0.605,0.365,6.83E-06,0.0554,-11.144,0.224,84.628
hiphop,8,1,4,0.389,0.742,0.553,0,0.0694,-8.98,0.508,84.931
hiphop,1,0,4,0.0852,0.897,0.662,0,0.534,-6.903,0.389,112.511
hiphop,11,0,4,0.374,0.732,0.463,0,0.194,-6.972,0.397,95.971
hiphop,10,0,4,0.302,0.696,0.521,0,0.0565,-8.465,0.458,100
hiphop,9,1,4,0.00157,0.899,0.509,0,0.0573,-8.04,0.599,150.001
hiphop,10,0,4,0.111,0.935,0.552,0,0.0952,-9.373,0.615,99.993
hiphop,4,0,4,0.346,0.732,0.627,0,0.261,-5.693,0.332,81.481
hiphop,4,0,4,0.028,0.794,0.637,0,0.0919,-6.29,0.393,103.868
hiphop,4,0,4,0.0614,0.68,0.82,0,0.597,-4.197,0.243,140.033
hiphop,10,1,4,0.0957,0.97,0.463,0,0.151,-7.259,0.46,108.003
hiphop,0,0,4,0.0172,0.797,0.533,0.000152,0.103,-9.74,0.329,131.036
hiphop,9,0,4,0.556,0.921,0.537,0.00404,0.102,-5.723,0.711,128.009
hiphop,1,1,4,0.0169,0.852,0.752,0,0.394,-5.793,0.389,89.95
hiphop,2,1,4,0.00998,0.671,0.623,7.55E-06,0.643,-7.161,0.195,75.055
hiphop,9,1,4,0.149,0.88,0.428,5.07E-05,0.114,-8.28,0.333,100.007
hiphop,1,0,4,0.000282,0.908,0.621,5.39E-05,0.0958,-6.638,0.421,150.011
hiphop,6,0,4,0.00813,0.741,0.87,0,0.114,-3.494,0.663,184.194
hiphop,1,1,4,0.125,0.804,0.528,0,0.41,-3.231,0.321,138.005
hiphop,7,1,4,0.0164,0.912,0.412,0.013,0.104,-8.074,0.422,154.983
hiphop,9,0,4,0.661,0.592,0.457,0.000331,0.146,-6.081,0.225,146.04
hiphop,6,1,4,0.0533,0.878,0.619,0,0.113,-5.56,0.639,136.041
hiphop,6,1,4,0.371,0.558,0.559,7.49E-06,0.109,-9.222,0.62,78.558
hiphop,1,1,4,0.0395,0.837,0.636,0.00125,0.342,-7.643,0.274,145.972
hiphop,2,1,4,0.253,0.75,0.789,0,0.129,-4.578,0.673,147.957
hiphop,5,0,4,0.102,0.826,0.635,0,0.245,-5.181,0.808,119.954
hiphop,7,0,4,0.847,0.734,0.57,2.14E-05,0.112,-7.066,0.689,129.953
hiphop,6,1,4,0.128,0.755,0.772,0,0.157,-5.585,0.678,132.906
hiphop,5,0,4,0.035,0.964,0.346,0,0.108,-9.309,0.562,119.958
hiphop,7,1,4,0.0332,0.754,0.449,8.29E-05,0.552,-9.211,0.357,77.169
hiphop,2,1,4,0.00341,0.874,0.847,0,0.29,-3.574,0.881,134.965
hiphop,7,1,4,0.0484,0.656,0.542,0,0.126,-7.358,0.551,166.111
hiphop,1,1,4,0.0261,0.905,0.626,2.66E-06,0.0947,-5.647,0.237,145.981
hiphop,5,0,4,0.22,0.717,0.598,0,0.122,-5.613,0.496,153.905
hiphop,7,0,4,0.188,0.845,0.631,0,0.0806,-8.206,0.545,111.983
hiphop,1,1,4,0.0622,0.548,0.847,0,0.0816,-3.237,0.1,171.447
hiphop,10,1,4,0.264,0.8,0.585,0,0.153,-7.343,0.779,126.058
hiphop,10,0,4,0.142,0.628,0.75,0,0.0946,-5.219,0.374,87.008
hiphop,0,1,4,0.511,0.691,0.64,0,0.409,-6.441,0.163,138.672
hiphop,2,1,4,0.0251,0.894,0.511,0,0.14,-4.768,0.568,120.08
hiphop,1,1,4,0.0219,0.852,0.73,0,0.336,-5.803,0.394,92.506
hiphop,1,0,4,0.191,0.674,0.649,0,0.122,-8.433,0.48,153.069
hiphop,10,0,4,0.0447,0.533,0.59,0,0.0806,-8.333,0.376,104.97
hiphop,2,0,3,0.175,0.661,0.748,0,0.254,-4.809,0.509,171.983
hiphop,6,0,4,0.0949,0.848,0.745,0,0.0796,-3.052,0.516,137.024
hiphop,8,1,4,0.0408,0.911,0.647,2.89E-05,0.29,-8.425,0.647,150.003
hiphop,5,0,4,0.368,0.901,0.464,1.71E-05,0.238,-9.789,0.638,109.004
hiphop,5,0,4,0.312,0.662,0.714,0,0.179,-5.68,0.464,147.997
hiphop,9,1,4,0.0048,0.756,0.747,0.00536,0.588,-5.407,0.0687,134.935
hiphop,2,1,4,0.0531,0.831,0.427,0,0.307,-6.903,0.216,93.004
hiphop,0,1,4,0.174,0.682,0.559,0,0.344,-5.545,0.137,202.015
hiphop,2,1,4,0.474,0.677,0.33,0.000871,0.064,-11.198,0.336,68.985
hiphop,10,0,4,0.0387,0.72,0.767,0,0.202,-5.839,0.595,88.966
hiphop,4,1,4,0.0506,0.899,0.735,0,0.15,-7.719,0.884,143.001
hiphop,0,0,4,0.0342,0.862,0.685,0,0.204,-7.699,0.672,100.024
hiphop,6,0,4,0.0752,0.504,0.705,0,0.128,-8.205,0.584,175.483
hiphop,1,1,4,0.167,0.743,0.347,0.00951,0.103,-11.174,0.572,160.143
hiphop,4,0,4,0.0175,0.669,0.574,0.00294,0.146,-6.442,0.273,120.013
hiphop,10,1,4,0.0957,0.97,0.463,0,0.151,-7.259,0.46,108.003
hiphop,10,0,4,0.113,0.808,0.617,0,0.734,-9.32,0.632,149.962
hiphop,1,1,4,0.0258,0.847,0.637,0.000648,0.382,-5.193,0.511,165.979
hiphop,1,1,4,0.0134,0.871,0.493,0.000241,0.385,-6.356,0.0495,144.989
hiphop,8,0,4,0.0521,0.861,0.603,0,0.0924,-5.788,0.504,98.043
hiphop,2,0,4,0.189,0.883,0.525,0,0.0971,-8.054,0.312,99.978
hiphop,0,1,4,0.136,0.831,0.36,0.00217,0.0703,-8.073,0.601,75.014
hiphop,5,0,4,0.391,0.699,0.503,0.0126,0.0996,-9.922,0.0546,114.86
hiphop,0,0,4,0.063,0.855,0.651,0,0.0772,-8.044,0.559,111.997
hiphop,5,0,4,0.298,0.668,0.892,0,0.735,-3.001,0.478,95.927
hiphop,1,1,4,0.00454,0.638,0.523,0,0.0842,-6.664,0.422,139.913
hiphop,5,0,4,0.57,0.62,0.574,0,0.19,-7.788,0.352,100.021
hiphop,0,0,4,0.874,0.776,0.503,0,0.112,-5.732,0.473,110.134
hiphop,1,1,4,0.779,0.699,0.304,0.000993,0.137,-11.192,0.271,119.705
hiphop,1,1,4,0.0589,0.835,0.626,6.00E-05,0.396,-5.833,0.35,91.03
hiphop,4,0,4,0.11,0.715,0.624,0,0.123,-3.046,0.412,158.087
hiphop,5,0,4,0.342,0.703,0.594,0,0.123,-6.146,0.475,153.848
hiphop,10,0,4,0.0308,0.8,0.631,0,0.147,-6.324,0.627,154.984
hiphop,0,1,4,0.135,0.779,0.362,0.206,0.111,-10.847,0.46,85.011
hiphop,4,1,4,0.194,0.729,0.625,0.00986,0.248,-5.266,0.261,146.034
jazz,9,1,4,0.165,0.694,0.831,0.000892,0.25,-7.288,0.98,125.901
jazz,5,1,3,0.546,0.273,0.347,0.0137,0.334,-8.631,0.328,87.411
jazz,1,1,4,0.92,0.319,0.21,8.06E-05,0.138,-15.231,0.209,78.696
jazz,11,0,4,0.524,0.609,0.435,0,0.118,-7.862,0.563,131.998
jazz,5,1,4,0.729,0.271,0.165,1.60E-06,0.118,-20.652,0.203,77.082
jazz,0,1,4,0.913,0.443,0.104,0,0.191,-17.042,0.394,76.497
jazz,5,1,4,0.883,0.732,0.198,1.10E-05,0.0659,-11.775,0.618,88.174
jazz,6,1,4,0.125,0.561,0.474,5.07E-06,0.0922,-9.638,0.513,86.897
jazz,0,1,3,0.904,0.363,0.129,1.52E-06,0.157,-14.304,0.147,80.367
jazz,7,0,4,0.864,0.399,0.326,0,0.191,-9.239,0.546,79.206
jazz,10,1,4,0.818,0.553,0.337,0,0.113,-10.334,0.662,101.918
jazz,3,0,4,0.936,0.464,0.305,0.0846,0.208,-12.435,0.282,108.231
jazz,11,0,3,0.689,0.477,0.433,0.000195,0.151,-6.473,0.611,82.52
jazz,9,1,4,0.906,0.601,0.222,4.11E-05,0.0723,-10.485,0.271,106.754
jazz,1,1,4,0.912,0.452,0.24,2.45E-06,0.175,-14.014,0.701,134.005
jazz,5,0,4,0.596,0.769,0.924,0.0156,0.114,-5.263,0.88,123.989
jazz,4,1,4,0.679,0.425,0.373,0,0.077,-7.543,0.663,78.225
jazz,1,1,4,0.576,0.803,0.488,0.0609,0.0763,-9.303,0.624,95.771
jazz,1,1,4,0.764,0.508,0.287,0,0.153,-12.472,0.644,154.759
jazz,0,0,4,0.94,0.532,0.0657,0.00488,0.0946,-19.136,0.292,128.607
jazz,0,1,4,0.866,0.582,0.0766,0.00394,0.091,-12.544,0.274,70.443
jazz,8,1,4,0.941,0.526,0.299,0.097,0.106,-13.797,0.679,156.848
jazz,2,0,4,0.843,0.427,0.114,0.863,0.0966,-22.546,0.114,60.484
jazz,5,1,4,0.908,0.583,0.191,0.00824,0.126,-15.938,0.342,123.303
jazz,8,1,4,0.733,0.579,0.502,0,0.281,-7.57,0.836,76.816
jazz,2,0,4,0.81,0.421,0.0161,0.0021,0.0978,-25.358,0.16,110.926
jazz,0,1,4,0.706,0.663,0.264,0,0.1,-14.571,0.657,122.482
jazz,10,1,4,0.782,0.471,0.146,0,0.0888,-13.6,0.595,78.554
jazz,5,0,4,0.896,0.704,0.103,0,0.192,-15.056,0.469,84.511
jazz,8,1,3,0.9,0.273,0.259,0,0.308,-13.967,0.604,97.085
jazz,5,1,3,0.92,0.349,0.182,0.0152,0.143,-13.507,0.178,136.092
jazz,0,1,4,0.817,0.556,0.114,0.00141,0.0626,-10.504,0.347,70.026
jazz,0,1,3,0.993,0.478,0.0294,0.948,0.105,-25.319,0.148,124.307
jazz,0,0,4,0.833,0.452,0.366,0,0.0789,-14.15,0.629,115.006
jazz,1,1,3,0.989,0.355,0.0304,0.0555,0.116,-20.479,0.188,90.495
jazz,9,1,4,0.48,0.59,0.355,0,0.0585,-14.051,0.499,133.03
jazz,2,0,4,0.83,0.418,0.285,1.53E-06,0.233,-9.43,0.4,86.13
jazz,1,1,4,0.125,0.59,0.672,1.04E-06,0.147,-11.792,0.688,206.247
jazz,0,0,4,0.942,0.372,0.187,0.139,0.161,-13.497,0.217,70.334
jazz,4,0,4,0.0903,0.759,0.756,2.36E-06,0.265,-8.145,0.613,87.059
jazz,8,0,5,0.539,0.454,0.26,0.00078,0.0675,-13.193,0.598,174.322
jazz,6,1,3,0.97,0.156,0.184,0.00458,0.26,-14.82,0.107,180.887
jazz,6,0,1,0.604,0.586,0.253,0,0.3,-11.93,0.718,108.168
jazz,0,1,4,0.173,0.848,0.666,0.000699,0.129,-6.547,0.744,96.662
jazz,1,1,4,0.951,0.425,0.0429,0.0184,0.148,-24.86,0.255,96.097
jazz,5,0,4,0.909,0.664,0.194,3.85E-05,0.0829,-15.487,0.443,129.863
jazz,5,1,3,0.466,0.653,0.351,0,0.107,-12.776,0.309,116.605
jazz,5,0,5,0.862,0.226,0.136,8.07E-06,0.302,-19.203,0.263,79.37
jazz,0,0,4,0.489,0.813,0.701,0.00116,0.294,-6.508,0.855,104.019
jazz,9,1,4,0.935,0.395,0.121,0.397,0.697,-23.427,0.139,114.519
jazz,9,1,4,0.668,0.676,0.692,0.00915,0.13,-13.093,0.799,102.516
jazz,0,1,3,0.882,0.469,0.196,0,0.0513,-16.093,0.537,130.036
jazz,5,1,4,0.971,0.488,0.0527,0.911,0.0882,-27.331,0.193,49.689
jazz,10,1,3,0.869,0.57,0.172,1.14E-06,0.114,-10.897,0.521,84.948
jazz,0,1,4,0.988,0.461,0.0546,0.208,0.126,-18.982,0.23,128.91
jazz,0,1,4,0.753,0.499,0.456,0,0.861,-11.528,0.94,205.882
jazz,8,1,4,0.923,0.499,0.0341,5.27E-05,0.131,-22.31,0.31,81.735
jazz,4,1,4,0.394,0.401,0.498,0,0.13,-10.682,0.816,181.701
jazz,2,0,4,0.723,0.521,0.516,0,0.257,-7.456,0.569,136.483
jazz,10,1,4,0.944,0.761,0.103,0,0.127,-16.964,0.53,114.044
jazz,6,0,3,0.755,0.42,0.398,0.000537,0.172,-9.13,0.364,88.897
jazz,6,0,4,0.88,0.612,0.144,0,0.203,-12.204,0.343,128.629
jazz,5,1,4,0.877,0.739,0.199,1.23E-05,0.0591,-11.763,0.631,88.466
jazz,7,1,4,0.313,0.772,0.796,0.00272,0.0754,-5.546,0.499,104.013
jazz,7,1,4,0.919,0.478,0.201,0,0.0854,-16.768,0.857,136.471
jazz,11,0,5,0.916,0.172,0.0696,0.00199,0.137,-21.295,0.103,167.974
jazz,8,0,4,0.0937,0.47,0.381,0.851,0.227,-8.848,0.382,76.817
jazz,11,0,4,0.471,0.619,0.381,0.0318,0.101,-10.691,0.312,139.929
jazz,9,1,4,0.833,0.556,0.61,2.22E-06,0.258,-4.729,0.665,199.373
jazz,3,1,4,0.81,0.252,0.231,0.000167,0.199,-14.181,0.196,89.859
jazz,0,1,3,0.213,0.65,0.323,0,0.187,-8.698,0.276,110.962
jazz,5,1,4,0.683,0.543,0.284,0,0.101,-13.205,0.409,125.558
jazz,0,1,4,0.81,0.499,0.304,0,0.0546,-11.541,0.521,129.301
jazz,3,1,4,0.232,0.613,0.631,0.00362,0.284,-7.731,0.388,140.002
jazz,6,0,4,0.895,0.771,0.158,0,0.144,-10.374,0.504,130.094
jazz,7,1,3,0.905,0.42,0.0802,0.857,0.135,-21.795,0.0541,122.041
jazz,0,1,4,0.779,0.723,0.0811,0,0.509,-14.113,0.36,88.044
jazz,0,1,4,0.705,0.517,0.151,0.00136,0.116,-17.266,0.21,136.356
jazz,9,0,3,0.984,0.367,0.122,4.37E-05,0.172,-21.34,0.104,75.265
jazz,6,1,4,0.949,0.445,0.0982,1.71E-06,0.109,-14.339,0.085,232.69
jazz,0,1,4,0.911,0.38,0.119,2.40E-06,0.149,-14.246,0.156,163.139
jazz,0,1,3,0.893,0.475,0.068,0.00216,0.105,-20.033,0.266,95.165
jazz,0,1,4,0.963,0.581,0.0543,0.000274,0.0968,-14.595,0.175,124.185
jazz,3,1,4,0.87,0.563,0.136,0,0.106,-17.402,0.368,104.928
jazz,6,0,4,0.978,0.401,0.0236,0.579,0.102,-18.749,0.163,110.519
jazz,5,1,4,0.962,0.445,0.146,1.05E-05,0.249,-16.064,0.332,86.637
jazz,7,1,4,0.989,0.6,0.177,0.868,0.149,-16.07,0.56,120.03
jazz,0,0,4,0.941,0.438,0.00756,0.00643,0.109,-26.44,0.277,133.32
jazz,6,1,4,0.532,0.424,0.443,0.000389,0.673,-13.45,0.391,131.675
jazz,5,0,3,0.958,0.361,0.118,0.953,0.0926,-20.489,0.12,186.964
jazz,8,0,4,0.965,0.482,0.101,0.00335,0.125,-18.914,0.189,105.719
jazz,0,1,4,0.938,0.271,0.219,0.00086,0.263,-9.767,0.375,74.68
jazz,4,0,4,0.0682,0.41,0.761,0.0077,0.0758,-9.453,0.391,132.889
jazz,2,0,5,0.972,0.504,0.0644,4.36E-06,0.174,-14.754,0.403,106.994
jazz,9,0,3,0.978,0.388,0.145,6.86E-06,0.0997,-19.697,0.0911,75.474
jazz,10,0,4,0.0283,0.768,0.787,0.00122,0.317,-8.178,0.855,94.104
jazz,0,1,4,0.955,0.313,0.078,4.48E-06,0.169,-17.583,0.125,128.065
jazz,10,1,4,0.699,0.58,0.299,0.00386,0.0805,-13.03,0.364,93.037
jazz,5,0,4,0.82,0.615,0.177,0.000186,0.135,-16.925,0.383,124.558
jazz,5,1,4,0.76,0.561,0.33,0.134,0.106,-13.51,0.378,79.01
metal,6,0,4,0.00206,0.579,0.824,0.00903,0.059,-8.71,0.635,123.331
metal,3,0,4,0.00958,0.556,0.864,0,0.209,-5.87,0.4,105.143
metal,0,1,4,0.0778,0.532,0.887,0.000214,0.294,-3.757,0.795,122.511
metal,4,0,4,0.000481,0.589,0.89,0.00082,0.201,-3.719,0.692,90.598
metal,7,0,4,0.000278,0.419,0.934,0.0015,0.132,-3.908,0.286,127.288
metal,9,1,4,0.0046,0.496,0.863,0,0.639,-4.153,0.243,110.018
metal,9,1,4,0.361,0.453,0.906,0.000569,0.26,-4.001,0.473,137.575
metal,11,0,4,0.00664,0.545,0.865,1.12E-05,0.168,-5.708,0.543,99.01
metal,6,1,4,0.0901,0.446,0.952,0.0857,0.112,-5.321,0.624,125.303
metal,11,0,4,0.000595,0.557,0.886,9.84E-05,0.0904,-4.196,0.17,114.025
metal,3,0,4,0.000996,0.695,0.876,6.89E-06,0.106,-4.262,0.941,89.954
metal,7,1,4,0.000118,0.427,0.946,0.0253,0.0604,-2.188,0.237,101.305
metal,3,0,4,0.000297,0.58,0.916,0.0259,0.126,-4.358,0.683,118.004
metal,7,0,4,0.00169,0.361,0.97,0.00163,0.357,-4.817,0.254,179.017
metal,8,1,4,0.000684,0.553,0.853,0,0.126,-3.668,0.506,122.023
metal,8,1,4,0.0195,0.453,0.987,0.283,0.268,-4.485,0.316,123.544
metal,0,0,4,0.0663,0.541,0.96,2.25E-06,0.344,-2.947,0.812,122.803
metal,7,1,4,0.0266,0.466,0.833,0,0.0327,-4.215,0.661,88.785
metal,4,0,4,0.000237,0.354,0.982,0.000294,0.204,-3.026,0.194,143.772
metal,4,0,4,0.000172,0.492,0.896,2.78E-06,0.189,-5.819,0.534,184.981
metal,8,1,4,0.00141,0.611,0.95,1.59E-06,0.0543,-3.509,0.607,132.078
metal,8,1,4,0.000165,0.533,0.955,1.36E-05,0.38,-3.708,0.55,107.984
metal,4,0,3,0.0505,0.558,0.364,5.02E-06,0.0753,-11.258,0.17,142.171
metal,3,0,4,0.00821,0.461,0.897,0,0.0965,-3.982,0.358,165.107
metal,1,1,4,0.0133,0.639,0.71,0,0.118,-7.445,0.378,119.989
metal,0,1,4,0.000839,0.416,0.988,0,0.137,-3.466,0.47,174.995
metal,8,1,3,0.000264,0.413,0.873,0.0025,0.204,-4.151,0.481,116.681
metal,4,1,4,0.0576,0.559,0.345,0.000105,0.141,-13.496,0.458,84.581
metal,0,1,4,0.0459,0.616,0.91,0,0.343,-3.004,0.693,144.073
metal,4,0,4,0.00721,0.331,0.943,2.06E-06,0.242,-3.188,0.296,94.612
metal,11,1,4,0.0192,0.268,0.98,0.00709,0.182,-5.958,0.395,100.315
metal,10,1,4,0.00135,0.446,0.764,0,0.099,-5.042,0.543,172.094
metal,8,1,4,2.86E-05,0.217,0.92,0,0.102,-4.479,0.376,167.169
metal,10,0,4,7.13E-05,0.392,0.964,0.0387,0.106,-4.441,0.269,167.024
metal,5,1,4,0.0141,0.623,0.93,1.64E-06,0.138,-5.285,0.287,120.119
metal,5,1,4,0.0124,0.412,0.919,0.0601,0.424,-7.291,0.572,166.367
metal,6,0,4,0.0177,0.291,0.974,5.44E-06,0.886,-2.997,0.348,134.724
metal,4,0,4,0.00364,0.659,0.93,0.00124,0.149,-3.41,0.534,130.94
metal,2,1,4,2.23E-05,0.353,0.898,0.105,0.39,-5.877,0.525,103.293
metal,4,1,4,0.0129,0.472,0.671,0,0.159,-4.649,0.0681,82.952
metal,7,1,4,0.0212,0.7,0.864,0,0.0956,-3.629,0.887,102.997
metal,6,0,4,0.00461,0.498,0.83,0,0.139,-5.157,0.453,89.342
metal,8,1,3,0.0104,0.185,0.948,0,0.105,-3.892,0.316,196.578
metal,1,0,4,0.00211,0.267,0.953,0,0.283,-4.899,0.568,84.989
metal,6,1,4,0.000217,0.35,0.828,0.000161,0.0774,-5.373,0.147,105.435
metal,7,1,4,0.13,0.252,0.802,0.0146,0.309,-3.976,0.253,150.056
metal,2,1,4,0.000658,0.687,0.677,0.000146,0.0564,-4.172,0.546,75.052
metal,2,1,4,0.0217,0.476,0.736,1.08E-06,0.203,-5.38,0.251,129.084
metal,4,0,4,0.00662,0.482,0.927,0,0.282,-5.122,0.529,150.015
metal,7,1,3,0.000668,0.438,0.687,0.0801,0.42,-9.15,0.426,103.01
metal,4,0,4,4.52E-05,0.415,0.658,0.000735,0.176,-12.051,0.45,163.015
metal,9,1,4,0.0014,0.492,0.969,1.32E-06,0.0787,-4.419,0.538,95.136
metal,2,0,4,0.00756,0.448,0.826,0,0.117,-3.244,0.19,77.093
metal,4,0,4,0.00067,0.539,0.828,0.421,0.154,-9.108,0.562,105.25
metal,6,1,4,0.000613,0.543,0.965,9.97E-06,0.0883,-4.038,0.715,155.019
metal,0,1,4,0.00298,0.504,0.957,0,0.187,-2.657,0.676,135.013
metal,8,1,4,8.51E-05,0.404,0.969,0.0114,0.268,-2.938,0.29,173.878
metal,7,1,4,0.000437,0.336,0.978,0.000525,0.138,-2.358,0.496,129.842
metal,10,0,4,0.0537,0.536,0.55,0,0.134,-6.733,0.234,144.018
metal,1,0,4,0.00662,0.556,0.981,0,0.218,-2.688,0.716,101.423
metal,6,0,4,0.00461,0.498,0.83,0,0.139,-5.157,0.453,89.342
metal,4,0,4,0.0562,0.645,0.792,0.0121,0.119,-7.34,0.666,90.565
metal,11,0,4,0.157,0.644,0.939,0,0.233,-3.486,0.861,106.031
metal,9,0,4,0.00591,0.398,0.939,0.000881,0.357,-2.865,0.235,92.027
metal,0,1,4,0.00428,0.55,0.917,0,0.197,-3.159,0.601,126.115
metal,7,1,4,0.000821,0.512,0.865,0,0.0982,-4.146,0.529,138.017
metal,1,0,4,0.000155,0.43,0.704,0.00221,0.0933,-8.008,0.703,118.242
metal,9,1,4,0.00145,0.536,0.901,0.0186,0.06,-7.211,0.666,87.559
metal,0,0,4,8.74E-05,0.591,0.963,0.000107,0.0781,-6.489,0.609,125.03
metal,2,0,4,0.00838,0.433,0.778,0,0.163,-4.68,0.217,149.864
metal,1,0,3,0.000671,0.509,0.843,0.000803,0.348,-3.318,0.332,140.055
metal,2,1,4,0.000318,0.554,0.949,9.98E-05,0.2,-4.928,0.233,129.984
metal,6,1,4,0.0029,0.609,0.935,0.000359,0.188,-2.941,0.498,95.957
metal,1,1,4,0.00666,0.494,0.939,0,0.139,-3.127,0.893,177.751
metal,0,0,4,0.000918,0.364,0.922,0.035,0.0696,-4.217,0.227,79.342
metal,5,1,4,0.000413,0.511,0.948,0.00013,0.318,-7.613,0.243,90.004
metal,1,0,4,0.114,0.529,0.967,0,0.61,-3.647,0.596,140.127
metal,0,1,4,0.00631,0.512,0.86,0.00528,0.0652,-6.145,0.258,117.909
metal,6,0,4,0.468,0.322,0.28,1.10E-06,0.102,-9.367,0.175,85.794
metal,4,1,4,0.0466,0.58,0.702,3.20E-06,0.536,-5.565,0.299,105.076
metal,10,1,4,0.000419,0.501,0.779,5.15E-05,0.139,-6.483,0.231,106.024
metal,4,1,4,0.0127,0.502,0.924,0,0.162,-6.299,0.922,149.186
metal,8,1,4,0.000209,0.429,0.966,0.124,0.371,-4.605,0.525,179.956
metal,11,1,4,0.0163,0.294,0.641,0.22,0.112,-9.316,0.226,79.759
metal,7,1,4,0.00457,0.496,0.765,0,0.104,-5.66,0.337,74.072
metal,9,0,4,0.0021,0.592,0.767,0.00165,0.127,-2.788,0.328,96.483
metal,8,1,4,0.000193,0.55,0.952,0.000666,0.0614,-4.664,0.391,127.804
metal,11,0,4,5.96E-05,0.412,0.882,0.00031,0.0805,-5.54,0.356,158.066
metal,7,1,4,0.172,0.692,0.496,6.42E-06,0.107,-7.332,0.376,97.945
metal,9,1,4,0.0179,0.618,0.938,0,0.167,-3.442,0.875,91.455
metal,8,1,4,0.0431,0.64,0.957,0,0.0789,-2.336,0.692,134.992
metal,7,1,4,0.00349,0.447,0.966,0.000198,0.312,-2.966,0.533,178.105
metal,8,1,4,0.00229,0.346,0.765,7.54E-06,0.213,-8.558,0.644,106.463
metal,2,1,4,0.000119,0.524,0.952,0.00604,0.248,-8.602,0.416,92.489
metal,0,1,4,0.171,0.572,0.835,0.000376,0.0702,-6.219,0.796,129.994
metal,9,0,4,0.00316,0.653,0.964,0.00512,0.144,-4.261,0.87,126.928
metal,7,1,3,0.0022,0.446,0.657,0,0.189,-4.494,0.215,152.132
metal,2,0,4,0.00041,0.515,0.911,0.000228,0.335,-7.368,0.451,135.002
metal,2,0,4,6.06E-05,0.451,0.815,0,0.27,-5.55,0.618,147.974
metal,5,1,4,0.0999,0.403,0.777,3.28E-06,0.124,-6.416,0.149,76.329
pop,6,0,5,0.0522,0.621,0.601,0,0.46,-5.616,0.457,116.735
pop,11,0,4,0.0125,0.794,0.793,0,0.0952,-4.521,0.677,123.941
pop,1,1,4,0.00147,0.513,0.796,0.000209,0.0938,-4.075,0.345,171.017
pop,2,0,4,0.0706,0.676,0.609,0,0.152,-5.831,0.508,142.037
pop,6,0,4,0.692,0.824,0.588,0.000104,0.149,-6.4,0.513,98.027
pop,9,0,4,0.366,0.687,0.514,0,0.116,-6.612,0.494,145.921
pop,8,1,4,0.018,0.724,0.491,1.29E-05,0.0887,-6.024,0.383,105.046
pop,6,0,1,0.128,0.778,0.559,0,0.399,-7.109,0.678,129.989
pop,9,1,4,0.317,0.811,0.553,0,0.105,-6.644,0.86,148.014
pop,11,0,4,0.256,0.787,0.673,3.57E-06,0.0904,-4.577,0.786,110.962
pop,10,0,4,0.123,0.784,0.43,0,0.0887,-8.756,0.236,127.087
pop,1,1,4,0.751,0.501,0.405,0,0.105,-5.679,0.446,109.891
pop,7,1,4,0.328,0.701,0.425,0.13,0.1,-10.965,0.562,135.128
pop,1,1,4,0.449,0.453,0.538,0,0.19,-8.212,0.516,122.973
pop,8,1,4,0.0237,0.676,0.771,7.00E-06,0.102,-3.675,0.569,99.048
pop,9,1,4,0.00839,0.852,0.698,1.03E-06,0.0773,-7.206,0.324,113.039
pop,5,1,4,0.208,0.838,0.545,8.01E-05,0.103,-6.713,0.631,114.998
pop,4,1,4,0.556,0.488,0.343,0,0.21,-8.985,0.0978,102.819
pop,10,0,4,0.00632,0.531,0.75,7.60E-05,0.117,-5.831,0.198,169.954
pop,7,1,4,0.392,0.809,0.545,0,0.151,-6.678,0.244,97.008
pop,10,1,4,0.153,0.654,0.63,0,0.111,-4.644,0.43,89.991
pop,7,0,4,0.0327,0.881,0.457,0,0.231,-8.191,0.296,136.97
pop,2,1,4,0.143,0.591,0.585,0,0.109,-6.35,0.324,110.94
pop,8,0,4,0.538,0.825,0.483,1.48E-05,0.204,-5.746,0.892,139.98
pop,7,1,4,0.177,0.865,0.438,0,0.0743,-8.943,0.695,129.038
pop,8,1,4,0.00122,0.623,0.647,0,0.354,-5.438,0.522,107.987
pop,10,0,4,0.0334,0.721,0.716,0.00084,0.237,-7.037,0.667,104.994
pop,9,0,4,0.145,0.79,0.694,0.00252,0.281,-7.726,0.508,103.007
pop,4,1,4,0.839,0.567,0.267,1.46E-06,0.089,-6.502,0.0592,110.011
pop,3,1,4,0.604,0.459,0.575,0,0.0885,-4.858,0.183,111.881
pop,8,1,4,0.108,0.657,0.768,0,0.144,-4.628,0.759,75.025
pop,3,1,4,0.544,0.515,0.479,0.00598,0.191,-7.458,0.284,88.964
pop,0,0,4,0.809,0.566,0.438,0,0.212,-7.564,0.692,117.127
pop,1,0,4,0.592,0.778,0.317,0,0.0881,-10.732,0.327,140.048
pop,2,0,4,0.263,0.648,0.681,0.00783,0.0971,-8.389,0.767,157.941
pop,4,1,4,0.52,0.764,0.443,1.96E-05,0.0749,-6.625,0.63,138.999
pop,9,1,4,0.3,0.806,0.546,0,0.102,-6.637,0.874,147.986
pop,11,0,4,0.0276,0.796,0.777,2.87E-05,0.095,-6.112,0.96,141.97
pop,7,1,4,0.0638,0.755,0.631,0,0.0929,-6.128,0.881,100.026
pop,3,1,4,0.0736,0.702,0.608,0,0.129,-6.843,0.597,75.012
pop,11,1,4,0.438,0.774,0.603,4.37E-05,0.0869,-7.319,0.977,149.982
pop,7,1,4,0.00337,0.772,0.616,2.36E-06,0.104,-4.673,0.279,129.967
pop,10,0,4,0.101,0.831,0.502,0,0.122,-4.045,0.101,100.541
pop,9,0,3,0.738,0.485,0.412,0,0.12,-7.766,0.612,64.062
pop,8,1,3,0.608,0.438,0.315,0,0.151,-8.186,0.449,190.064
pop,7,1,3,0.0416,0.447,0.72,0.000297,0.614,-3.954,0.362,157.892
pop,4,0,4,0.49,0.465,0.494,0,0.127,-7.595,0.457,127.298
pop,0,1,4,0.122,0.548,0.816,0,0.335,-4.209,0.557,95.39
pop,6,0,5,0.0492,0.832,0.508,5.39E-05,0.107,-6.913,0.75,109.352
pop,10,0,4,0.0392,0.575,0.621,0.0045,0.141,-8.165,0.27,101.987
pop,9,1,4,0.692,0.639,0.437,0,0.12,-6.959,0.751,147.575
pop,9,0,4,0.345,0.676,0.506,0,0.118,-6.652,0.497,145.842
pop,8,1,4,0.0237,0.676,0.771,7.00E-06,0.102,-3.675,0.569,99.048
pop,9,0,4,0.037,0.759,0.54,0,0.0945,-6.039,0.75,116.947
pop,1,0,4,0.123,0.698,0.454,0,0.155,-6.756,0.137,92.932
pop,2,0,4,0.289,0.653,0.579,0,0.105,-5.709,0.555,145.882
pop,5,1,4,0.113,0.822,0.575,0,0.106,-5.95,0.616,100.087
pop,9,0,4,0.311,0.655,0.578,0,0.109,-5.711,0.546,145.869
pop,5,1,4,0.183,0.878,0.525,0,0.0714,-6.832,0.694,112.022
pop,2,1,4,0.00929,0.771,0.671,0,0.0637,-5.617,0.714,85.026
pop,0,1,4,0.0137,0.647,0.844,0.000658,0.102,-3.756,0.746,146.962
pop,2,1,4,0.181,0.843,0.391,0,0.137,-7.899,0.496,129.972
pop,0,0,3,0.0902,0.376,0.43,0,0.0912,-6.585,0.129,77.599
pop,8,1,4,0.0409,0.911,0.637,3.68E-05,0.238,-8.381,0.66,149.996
pop,1,0,4,0.0427,0.842,0.734,0,0.106,-5.065,0.952,137.958
pop,1,0,5,0.153,0.477,0.682,0,0.0763,-4.931,0.345,110.567
pop,1,1,4,0.866,0.464,0.473,0,0.109,-10.086,0.604,75.801
pop,2,0,4,0.137,0.719,0.758,0,0.129,-5.167,0.49,147.023
pop,1,1,4,0.229,0.717,0.653,0,0.101,-5.634,0.412,106.966
pop,9,1,3,0.683,0.375,0.304,0,0.196,-9.897,0.295,83.832
pop,11,0,4,0.0211,0.919,0.597,0,0.262,-6.656,0.792,145.049
pop,2,1,4,0.379,0.812,0.519,0,0.13,-4.823,0.554,104.954
pop,0,1,4,0.107,0.731,0.65,0,0.124,-5.286,0.605,154.968
pop,4,0,4,0.112,0.701,0.396,0.0209,0.223,-10.182,0.115,129.004
pop,9,0,4,0.148,0.857,0.621,0,0.0865,-6.376,0.668,97.986
pop,7,1,4,0.492,0.359,0.543,1.58E-05,0.118,-7.582,0.453,68.534
pop,7,1,4,0.39,0.853,0.351,9.38E-06,0.752,-10.198,0.282,118.028
pop,1,1,4,0.0218,0.921,0.635,0,0.0946,-4.904,0.549,130.028
pop,4,1,4,0.946,0.736,0.308,0,0.186,-7.83,0.361,111.202
pop,5,0,4,0.124,0.64,0.648,0,0.0802,-8.113,0.548,92.977
pop,8,1,4,0.45,0.741,0.52,1.97E-06,0.222,-7.513,0.347,102.998
pop,6,0,4,0.43,0.672,0.464,0,0.284,-5.624,0.271,92.069
pop,5,0,4,0.00244,0.56,0.78,0,0.0714,-4.895,0.602,93.516
pop,8,0,4,0.283,0.726,0.444,0.143,0.177,-8.922,0.569,185.044
pop,10,0,4,0.129,0.598,0.526,0,0.14,-8.659,0.529,123.935
pop,0,1,4,0.122,0.548,0.816,0,0.335,-4.209,0.557,95.39
pop,6,0,5,0.05,0.824,0.503,5.25E-05,0.107,-6.94,0.784,109.397
pop,5,0,4,0.159,0.679,0.728,0,0.107,-3.092,0.46,152.001
pop,4,1,4,0.462,0.678,0.533,0.219,0.139,-10.485,0.323,150.455
pop,6,1,4,0.0912,0.798,0.675,0,0.0894,-5.041,0.842,101.956
pop,7,1,4,0.63,0.605,0.365,6.83E-06,0.0554,-11.144,0.224,84.628
pop,6,1,4,0.297,0.752,0.488,9.11E-06,0.0936,-7.05,0.533,136.041
pop,11,0,4,0.0828,0.844,0.644,0,0.113,-6.273,0.591,122.061
pop,4,0,4,0.816,0.511,0.363,0.0317,0.084,-7.65,0.169,144.892
pop,8,1,4,0.389,0.742,0.553,0,0.0694,-8.98,0.508,84.931
pop,11,0,4,0.374,0.732,0.463,0,0.194,-6.972,0.397,95.971
pop,7,1,3,0.737,0.483,0.412,0,0.116,-8.461,0.247,170.163
pop,11,0,4,0.517,0.819,0.654,0,0.0996,-6.665,0.455,133.503
pop,9,1,4,0.0153,0.581,0.662,0,0.111,-5.239,0.434,93.023
pop,6,0,4,0.555,0.56,0.68,0,0.116,-7.648,0.319,89.391
reggae,1,0,4,0.0268,0.682,0.765,3.42E-05,0.188,-5.021,0.567,90.807
reggae,9,1,4,0.0111,0.814,0.482,1.57E-06,0.0476,-10.493,0.615,148.404
reggae,0,1,4,0.36,0.916,0.72,0.00016,0.0958,-8.548,0.76,103.312
reggae,7,1,4,0.00877,0.804,0.696,0.000985,0.314,-7.47,0.657,95.721
reggae,1,1,4,0.00414,0.857,0.468,1.32E-05,0.269,-8.53,0.843,89.119
reggae,6,0,4,0.11,0.776,0.559,0,0.0671,-8.375,0.758,122.242
reggae,11,0,4,0.102,0.934,0.467,3.98E-05,0.109,-10.99,0.73,123.583
reggae,1,1,4,0.0423,0.774,0.756,0,0.305,-4.995,0.931,144.032
reggae,10,1,4,0.0783,0.725,0.523,0,0.0665,-9.593,0.95,76.292
reggae,0,1,4,0.0503,0.852,0.604,0,0.327,-4.569,0.667,94.762
reggae,7,1,4,0.203,0.572,0.728,0.00263,0.231,-5.534,0.535,75.179
reggae,9,1,4,0.142,0.929,0.463,5.26E-06,0.0634,-8.651,0.757,124.084
reggae,0,1,4,0.0561,0.853,0.606,0,0.313,-4.596,0.654,94.759
reggae,8,1,4,0.0292,0.769,0.457,3.07E-05,0.0599,-11.501,0.806,78.789
reggae,7,1,4,0.608,0.671,0.256,0,0.0737,-10.743,0.694,115.871
reggae,1,0,4,0.0528,0.651,0.747,0,0.207,-7.269,0.776,147.518
reggae,6,1,4,0.116,0.74,0.766,0,0.0406,-2.939,0.807,170.531
reggae,2,1,4,0.00594,0.794,0.577,0.37,0.0708,-8.549,0.645,82.46
reggae,2,1,4,0.00417,0.667,0.621,0,0.271,-9.973,0.712,80.021
reggae,11,0,4,0.0409,0.683,0.715,1.72E-06,0.0935,-6.024,0.77,99.989
reggae,4,0,4,0.0749,0.728,0.5,5.84E-06,0.108,-6.214,0.382,138.528
reggae,9,1,4,0.0623,0.69,0.681,0,0.137,-5.653,0.911,75.034
reggae,8,1,4,0.0431,0.739,0.754,0,0.0999,-5.034,0.793,150.017
reggae,7,0,4,0.0208,0.835,0.661,0,0.449,-6.502,0.753,76.723
reggae,0,1,3,0.183,0.61,0.706,0.000587,0.218,-7.084,0.344,170.087
reggae,7,1,4,0.0387,0.836,0.584,0,0.102,-8.219,0.68,134.204
reggae,1,1,5,0.328,0.508,0.677,0,0.0491,-5.696,0.575,121.928
reggae,1,1,4,0.272,0.655,0.675,0.0236,0.727,-9.352,0.587,77.589
reggae,1,1,4,0.0435,0.743,0.807,0,0.309,-3.78,0.899,144.062
reggae,9,1,4,0.181,0.685,0.54,0.015,0.114,-9.701,0.235,109.926
reggae,9,1,4,0.0149,0.753,0.484,0,0.135,-7.519,0.597,79.668
reggae,6,0,4,0.0571,0.837,0.478,0.00129,0.0569,-5.861,0.81,78.746
reggae,0,1,4,0.198,0.346,0.61,0,0.117,-5.818,0.235,68.552
reggae,7,1,4,0.00333,0.779,0.418,0.000138,0.252,-9.207,0.425,127.942
reggae,1,0,4,0.269,0.59,0.697,9.86E-05,0.0881,-5.877,0.497,146.059
reggae,8,0,4,0.0744,0.68,0.878,0,0.137,-3.923,0.769,169.987
reggae,9,1,4,0.621,0.76,0.462,0.32,0.0758,-11.003,0.905,146.655
reggae,6,1,4,0.0665,0.857,0.713,0.0279,0.0748,-7.327,0.869,141.994
reggae,1,1,5,0.304,0.509,0.671,0,0.0452,-5.709,0.55,118.413
reggae,9,1,4,0.0201,0.835,0.609,1.28E-06,0.107,-5.636,0.781,130.154
reggae,7,1,4,0.0204,0.8,0.661,0.000107,0.0687,-8.291,0.59,92.015
reggae,11,0,4,0.0854,0.801,0.548,0.000232,0.387,-5.482,0.627,92.059
reggae,4,0,4,0.192,0.754,0.59,0,0.11,-6.525,0.784,147.107
reggae,7,1,4,0.236,0.781,0.722,0.00042,0.077,-8.376,0.532,87.862
reggae,7,1,4,0.00469,0.761,0.687,0.00532,0.245,-6.185,0.316,95.089
reggae,7,1,4,0.0487,0.668,0.78,0,0.107,-6.481,0.739,170.032
reggae,4,0,4,0.0141,0.889,0.454,0.000186,0.203,-8.598,0.436,100.36
reggae,7,1,4,0.073,0.71,0.725,1.52E-06,0.0912,-7.451,0.768,170.101
reggae,0,1,4,0.0124,0.787,0.727,0,0.157,-7.705,0.936,173.025
reggae,5,1,4,0.825,0.722,0.605,0.0178,0.248,-6.07,0.709,165.998
reggae,4,0,4,0.119,0.659,0.727,0.00427,0.1,-8.638,0.748,166.163
reggae,7,1,4,0.0362,0.708,0.757,0,0.17,-5.121,0.552,80.976
reggae,5,0,4,0.229,0.661,0.833,0,0.346,-4.466,0.635,93.989
reggae,1,1,4,0.0138,0.706,0.775,1.04E-06,0.151,-5.218,0.882,81.04
reggae,4,0,4,0.391,0.352,0.414,0.00831,0.185,-6.6,0.0688,60.042
reggae,7,0,4,0.409,0.764,0.625,0.00126,0.104,-7.453,0.85,82.525
reggae,8,0,4,0.00545,0.827,0.587,0,0.055,-8.189,0.539,77.688
reggae,10,0,4,0.241,0.781,0.726,0.00204,0.0764,-5.733,0.961,74.995
reggae,5,0,4,0.0654,0.877,0.618,1.00E-05,0.056,-5.597,0.846,90.997
reggae,4,1,4,0.544,0.827,0.474,0,0.115,-9.72,0.759,96.027
reggae,6,1,4,0.108,0.706,0.855,0,0.104,-4.853,0.465,155
reggae,8,1,4,0.0431,0.739,0.754,0,0.0999,-5.034,0.793,150.017
reggae,2,1,4,0.0572,0.736,0.735,0.019,0.271,-6.448,0.692,143.002
reggae,10,0,4,0.00833,0.891,0.657,0.0026,0.054,-5.552,0.453,125.995
reggae,4,1,4,0.559,0.722,0.868,0.000779,0.447,-4.523,0.633,95.021
reggae,2,1,4,0.13,0.688,0.664,0,0.16,-5.621,0.655,81.03
reggae,7,1,4,0.0112,0.775,0.678,0.0105,0.125,-6.915,0.93,147.847
reggae,4,0,4,0.156,0.86,0.807,0.0217,0.104,-7.945,0.551,97.363
reggae,2,1,4,0.0444,0.642,0.722,0.00388,0.122,-13.031,0.836,172.406
reggae,2,1,4,0.0137,0.733,0.668,1.57E-06,0.0393,-5.3,0.713,83.11
reggae,2,1,4,0.216,0.708,0.705,0.118,0.0933,-6.826,0.646,169.977
reggae,11,1,4,0.11,0.86,0.585,0.0104,0.118,-6.993,0.67,134.014
reggae,7,1,4,0.00765,0.799,0.416,2.07E-06,0.122,-9.547,0.818,125.01
reggae,1,1,4,0.0796,0.88,0.564,0,0.0565,-6.431,0.83,99.019
reggae,8,0,4,0.159,0.676,0.645,0.00172,0.106,-9.335,0.537,151.058
reggae,7,1,4,0.217,0.747,0.657,0,0.0844,-5.993,0.725,96.286
reggae,9,1,4,0.0111,0.64,0.748,7.17E-05,0.175,-7.194,0.693,74.529
reggae,1,1,4,0.123,0.755,0.696,0,0.106,-6.326,0.432,93.683
reggae,1,1,4,0.0939,0.794,0.622,0,0.0422,-7.454,0.694,138.018
reggae,7,1,4,0.00482,0.799,0.662,0.000505,0.0484,-8.585,0.717,120.082
reggae,0,1,4,0.00053,0.688,0.489,0.00292,0.143,-7.848,0.364,94.27
reggae,0,1,4,0.12,0.901,0.478,1.05E-05,0.165,-7.39,0.828,121.244
reggae,7,1,4,0.0311,0.869,0.75,0.0049,0.163,-8.6,0.961,132.844
reggae,9,0,4,0.211,0.807,0.458,9.01E-06,0.0839,-9.594,0.874,100.959
reggae,9,1,4,0.0367,0.677,0.716,0,0.148,-6.312,0.828,164.022
reggae,2,1,4,0.198,0.81,0.76,0.00218,0.292,-5.966,0.566,121.951
reggae,11,0,4,0.0175,0.765,0.657,0,0.345,-6.394,0.553,91.998
reggae,7,0,4,0.456,0.401,0.619,0.00842,0.373,-6.228,0.194,91.004
reggae,10,0,4,0.0318,0.865,0.562,0,0.246,-6.811,0.81,85.02
reggae,11,1,4,0.236,0.685,0.684,3.43E-05,0.97,-7.991,0.779,168.017
reggae,9,0,4,0.00557,0.939,0.65,0,0.0429,-8.282,0.968,134.727
reggae,7,1,4,0.039,0.824,0.366,0.106,0.0403,-10.96,0.895,73.949
reggae,11,0,4,0.0595,0.774,0.531,0,0.0409,-7.176,0.966,142.001
reggae,11,1,4,0.0543,0.49,0.608,7.23E-05,0.171,-7.705,0.512,163.951
reggae,5,0,4,0.038,0.738,0.983,5.93E-06,0.183,-4.374,0.957,92.998
reggae,2,1,4,0.57,0.796,0.401,0,0.0983,-9.696,0.818,147.81
reggae,5,1,4,0.13,0.731,0.718,4.11E-06,0.188,-6.177,0.85,77.51
reggae,5,1,4,0.258,0.734,0.631,2.40E-06,0.0752,-6.887,0.962,141.478
reggae,4,0,4,0.00225,0.531,0.617,0.000692,0.0296,-6.111,0.549,81.64
reggae,7,1,4,0.735,0.717,0.373,0,0.303,-7.185,0.538,138.513
rock,9,1,4,0.00839,0.852,0.698,1.03E-06,0.0773,-7.206,0.324,113.039
rock,10,0,4,0.0622,0.776,0.78,0,0.081,-4.374,0.666,124.949
rock,0,1,4,0.00671,0.605,0.822,0.134,0.147,-4.833,0.288,167.997
rock,1,1,4,0.00101,0.356,0.924,0,0.0953,-3.74,0.232,148.017
rock,0,0,4,0.288,0.392,0.402,0,0.243,-9.961,0.228,143.883
rock,9,1,4,0.257,0.671,0.373,7.95E-05,0.0481,-18.064,0.732,92.717
rock,5,1,4,0.193,0.579,0.904,0,0.064,-2.729,0.681,82.014
rock,5,1,4,0.0472,0.563,0.865,0.000191,0.77,-5.277,0.601,156.271
rock,3,1,4,0.00847,0.56,0.936,0,0.161,-5.835,0.371,112.96
rock,10,1,4,0.0495,0.612,0.807,0.0177,0.101,-2.81,0.398,124.053
rock,1,1,4,0.431,0.484,0.731,0,0.151,-6.694,0.51,101.654
rock,5,0,4,0.145,0.733,0.71,0.115,0.0956,-5.849,0.965,127.975
rock,8,0,4,0.156,0.682,0.683,2.32E-05,0.273,-6.444,0.64,120.023
rock,0,1,4,0.0644,0.828,0.492,0.00428,0.128,-9.744,0.789,120.151
rock,4,0,4,0.0462,0.734,0.637,2.29E-05,0.0602,-5.677,0.648,169.977
rock,7,1,4,0.181,0.596,0.605,0.000331,0.0863,-12.145,0.886,97.798
rock,0,1,4,0.201,0.64,0.663,0.00806,0.152,-7.516,0.663,132.77
rock,2,1,4,0.217,0.704,0.611,0,0.0812,-6.112,0.22,100
rock,9,1,4,0.011,0.31,0.7,0.00965,0.0828,-5.678,0.763,188.386
rock,2,1,4,0.00574,0.579,0.508,0.000494,0.0575,-9.484,0.609,147.125
rock,10,1,4,0.432,0.601,0.532,6.25E-06,0.0925,-9.119,0.341,136.571
rock,9,1,4,0.0339,0.557,0.54,0.00248,0.179,-10.484,0.394,129.171
rock,10,1,4,0.652,0.388,0.338,3.72E-06,0.248,-10.054,0.477,177.784
rock,4,1,4,0.000147,0.501,0.889,0.0114,0.217,-5.175,0.257,133.519
rock,7,0,4,0.883,0.414,0.161,0.000223,0.117,-22.32,0.423,159.375
rock,0,1,4,0.00817,0.737,0.463,0.447,0.255,-7.828,0.324,123.881
rock,6,1,4,0.00835,0.645,0.713,0,0.113,-5.355,0.566,74.989
rock,0,1,4,0.382,0.414,0.428,0.000243,0.148,-11.097,0.282,145.075
rock,3,1,4,0.19,0.505,0.71,0.00025,0.329,-3.015,0.428,89.938
rock,4,0,4,0.0841,0.732,0.396,3.58E-05,0.105,-9.348,0.548,90.024
rock,1,1,4,0.00701,0.578,0.866,0,0.257,-3.804,0.619,128.038
rock,4,1,4,0.127,0.5,0.748,0,0.447,-9.072,0.514,118.852
rock,9,1,4,0.106,0.448,0.784,0.000108,0.668,-3.686,0.236,136.245
rock,6,0,4,0.0591,0.573,0.913,0.00173,0.156,-4.793,0.422,115.715
rock,9,1,4,0.009,0.545,0.67,0.000822,0.0451,-8.81,0.481,151.553
rock,7,1,4,0.000894,0.377,0.682,0.00217,0.0504,-8.039,0.288,108.736
rock,7,1,4,0.182,0.491,0.583,0,0.407,-10.964,0.907,150.572
rock,10,0,4,0.0362,0.672,0.655,0,0.117,-5.021,0.556,134.945
rock,2,1,4,0.872,0.657,0.291,0,0.114,-10.572,0.298,103.973
rock,5,1,4,0.212,0.623,0.449,0,0.0613,-13.333,0.572,84.383
rock,6,1,4,0.0901,0.446,0.952,0.0857,0.112,-5.321,0.624,125.303
rock,9,1,4,0.209,0.563,0.592,5.08E-05,0.132,-4.571,0.136,104.016
rock,5,1,4,0.096,0.616,0.656,0.000879,0.205,-7.298,0.286,150.071
rock,5,1,4,0.365,0.596,0.448,5.30E-06,0.206,-9.616,0.796,83.293
rock,4,1,4,0.0576,0.559,0.345,0.000105,0.141,-13.496,0.458,84.581
rock,10,1,4,0.269,0.64,0.743,0,0.101,-4.08,0.361,122.035
rock,5,1,4,0.0137,0.577,0.833,0,0.121,-3.337,0.58,107.936
rock,1,1,3,0.0714,0.763,0.807,0.28,0.348,-3.714,0.559,103.038
rock,2,1,4,0.422,0.671,0.711,0,0.104,-7.813,0.466,113.809
rock,0,1,4,0.0364,0.454,0.66,0,0.181,-4.357,0.568,184.353
rock,6,0,4,0.00543,0.611,0.797,0.00137,0.26,-7.627,0.518,120.041
rock,0,1,4,0.0438,0.634,0.849,0,0.363,-7.075,0.919,156.004
rock,0,1,4,0.0778,0.532,0.887,0.000214,0.294,-3.757,0.795,122.511
rock,1,1,4,2.55E-05,0.502,0.912,0.000173,0.106,-4.556,0.72,116.761
rock,7,1,4,0.156,0.759,0.605,0,0.694,-7.737,0.64,121.049
rock,9,1,4,0.361,0.453,0.906,0.000569,0.26,-4.001,0.473,137.575
rock,4,0,4,0.0119,0.591,0.841,0,0.395,-4.351,0.392,109.034
rock,1,1,4,0.0244,0.456,0.828,0,0.21,-6.225,0.313,116.719
rock,9,0,4,0.0029,0.333,0.927,0.000211,0.297,-8.55,0.382,141.47
rock,2,1,4,0.0801,0.635,0.675,0,0.0831,-3.445,0.273,113.946
rock,10,0,4,0.0735,0.609,0.674,0.06,0.345,-7.388,0.315,90.009
rock,9,0,4,0.0938,0.567,0.795,0,0.114,-4.985,0.635,170.06
rock,5,1,4,0.186,0.548,0.532,0.000263,0.217,-7.596,0.405,85.03
rock,0,1,4,0.195,0.61,0.788,0.0142,0.153,-5.724,0.472,101.045
rock,2,1,4,0.448,0.55,0.824,0.000127,0.366,-5.988,0.777,114.512
rock,11,1,4,0.0395,0.731,0.867,0,0.0861,-5.881,0.776,104.019
rock,0,1,4,0.178,0.389,0.665,0.000732,0.116,-6.169,0.199,117.055
rock,0,1,4,0.0936,0.743,0.47,3.15E-05,0.186,-13.154,0.89,116.122
rock,0,1,4,0.108,0.795,0.496,0,0.0645,-5.883,0.874,94.01
rock,5,1,4,0.0167,0.586,0.941,0.000776,0.068,-5.139,0.831,135.448
rock,8,1,4,0.0195,0.453,0.987,0.283,0.268,-4.485,0.316,123.544
rock,7,1,4,0.343,0.575,0.67,4.95E-06,0.129,-10.39,0.74,139.191
rock,6,0,4,0.00206,0.579,0.824,0.00903,0.059,-8.71,0.635,123.331
rock,4,1,4,0.0747,0.701,0.943,0,0.601,-2.986,0.791,128.992
rock,3,1,4,0.0722,0.383,0.637,0,0.368,-6.993,0.0827,177.913
rock,1,0,4,0.0654,0.664,0.705,0,0.115,-4.972,0.477,122.017
rock,6,0,4,0.00163,0.504,0.891,0.00199,0.148,-5.632,0.628,153.988
rock,7,1,4,0.00579,0.494,0.841,0,0.122,-4.784,0.567,162.013
rock,2,1,4,0.164,0.727,0.832,0,0.105,-5.851,0.822,131.703
rock,7,1,4,0.00287,0.532,0.767,0.000513,0.39,-5.509,0.755,127.361
rock,9,0,4,0.0302,0.533,0.376,0.248,0.0926,-11.913,0.187,165.007
rock,7,1,4,0.347,0.645,0.795,0.00389,0.104,-12.095,0.535,112.067
rock,5,1,4,0.118,0.67,0.643,0,0.192,-4.553,0.703,123.979
rock,2,1,4,0.0371,0.643,0.849,0,0.058,-5.428,0.903,162.152
rock,9,1,4,0.0755,0.679,0.715,0,0.271,-6.383,0.571,127.435
rock,7,1,4,0.0102,0.515,0.43,0.000141,0.129,-9.935,0.104,91.841
rock,10,1,4,0.0465,0.626,0.639,0,0.161,-5.62,0.638,144.009
rock,9,1,4,0.749,0.655,0.56,0,0.115,-6.857,0.599,140.975
rock,7,1,4,0.00316,0.483,0.786,8.86E-05,0.446,-5.735,0.793,126.748
rock,7,1,4,0.00832,0.64,0.864,0,0.123,-6.576,0.7,102.026
rock,2,1,4,0.418,0.595,0.389,1.39E-06,0.116,-9.245,0.4,166.052
rock,10,1,4,0.02,0.378,0.638,7.66E-05,0.0849,-5.576,0.735,184.086
rock,1,0,4,0.0183,0.74,0.516,0,0.0558,-6.233,0.698,139.918
rock,0,1,3,0.172,0.209,0.412,0.15,0.0843,-9.733,0.162,86.26
rock,1,0,4,0.221,0.645,0.598,3.53E-06,0.0721,-13.18,0.913,105.929
rock,0,1,4,0.0738,0.249,0.834,9.48E-05,0.0924,-8.21,0.338,118.223
rock,8,1,3,0.19,0.497,0.693,0,0.215,-7.024,0.358,111.539
rock,7,1,4,0.735,0.481,0.262,0.0114,0.832,-15.73,0.375,122.883
rock,11,1,4,0.013,0.564,0.932,0.169,0.349,-10.068,0.619,112.937
rock,1,1,4,0.388,0.307,0.433,9.08E-05,0.332,-10.057,0.224,160.9
